grade,sex,age,mob,bulgnationality,langbulg,mumage,mumedu,mumprof,dadage,dadedu,dadprof,material,withbothpar,withmum,withdad,withneither,oldsiblings,youngsiblings,schoolmaths,schoolrakdelsve,schoolvazov,schoolfinance,schoolvarna,schoolspanish,schooltechuni,schoolvidin,schooluni,citysofia,cityvarna,cityvidin,treatment,drinkcoffee,cupsest,devi_cupsest,impworldecon,impincome,awarewaste,awarepesticide,awaredeforestation,awarewastewater,awarebiodiversityloss,awareunfairworking,reusepurposeful,reusesoil,choiceprice,choicetastepleasure,choiceenvironsocial
10,1,16,11,1,1,42,2,2,44,2,3,4,1,0,0,0,1,0,0,1,0,0,0,0,0,0,0,1,0,0,0,1,5e+07,49999500,5,2,1,3,1,3,1,1,1,1,6,6,6
9,1,15,5,1,1,38,2,4,44,2,4,5,1,0,0,0,1,0,0,1,0,0,0,0,0,0,0,1,0,0,1,2,600,100,2,3,2,3,2,3,1,2,2,3,2,5,1
10,1,15,12,1,1,42,2,7,45,2,7,4,1,0,0,0,1,0,0,1,0,0,0,0,0,0,0,1,0,0,0,1,200,300,3,2,1,1,2,1,3,4,1,1,6,6,6
9,1,15,4,1,1,40,3,7,43,3,7,4,1,0,0,0,1,0,0,1,0,0,0,0,0,0,0,1,0,0,1,1,500,0,3,2,2,1,2,3,4,3,2,1,6,6,6
12,0,18,6,1,1,44,2,1,44,1,3,3,1,0,0,0,1,0,0,1,0,0,0,0,0,0,0,1,0,0,0,5,400,100,5,3,1,1,3,1,4,1,1,1,1,4,3
12,0,18,2,1,1,45,2,7,42,2,7,4,1,0,0,0,0,1,0,1,0,0,0,0,0,0,0,1,0,0,1,3,500,0,5,1,1,1,2,2,1,1,3,3,4,4,4
11,0,17,7,1,1,44,2,3,47,2,7,4,1,0,0,0,0,0,0,1,0,0,0,0,0,0,0,1,0,0,0,5,1000,500,4,4,1,2,1,1,2,1,3,3,3,5,1
8,1,14,7,1,1,35,2,7,,,7,3,0,1,0,0,0,0,0,1,0,0,0,0,0,0,0,1,0,0,1,1,1000,500,4,5,1,2,1,1,1,1,3,1,6,6,6
12,0,17,12,1,1,43,2,7,55,3,7,5,1,0,0,0,1,0,0,1,0,0,0,0,0,0,0,1,0,0,0,5,600,100,4,4,1,1,1,3,1,3,3,2,1,5,3
12,1,18,7,1,1,46,2,,50,3,7,4,1,0,0,0,1,1,0,0,1,0,0,0,0,0,0,1,0,0,1,1,400,100,4,5,3,3,3,3,2,4,2,2,6,6,6
12,0,18,2,1,1,48,3,2,51,3,1,5,1,0,0,0,0,0,0,0,1,0,0,0,0,0,0,1,0,0,0,5,700,200,4,4,2,2,2,2,2,4,2,3,5,5,3
12,1,18,4,1,1,44,2,7,45,2,7,4,1,0,0,0,0,0,0,0,1,0,0,0,0,0,0,1,0,0,1,1,350,150,4,5,2,2,3,3,2,4,1,2,2,5,2
12,1,18,6,1,1,54,3,7,52,3,7,4,1,0,0,0,2,0,0,0,1,0,0,0,0,0,0,1,0,0,0,1,600,100,4,4,2,4,2,2,3,4,3,2,6,6,6
12,0,,,1,1,43,3,2,48,3,1,4,1,0,0,0,0,0,0,0,1,0,0,0,0,0,0,1,0,0,1,5,,,5,5,3,3,3,3,3,4,3,2,3,4,2
12,0,18,8,0,1,42,3,2,58,3,7,4,0,0,0,1,0,0,0,0,1,0,0,0,0,0,0,1,0,0,0,5,730,230,4,4,2,1,2,1,2,2,2,2,3,5,4
12,0,18,8,1,1,36,3,2,46,3,1,4,1,0,0,0,0,1,0,0,1,0,0,0,0,0,0,1,0,0,1,1,500,0,4,4,1,3,1,1,2,3,2,2,3,4,2
12,0,17,4,1,1,53,3,7,57,3,4,5,1,0,0,0,1,0,0,0,1,0,0,0,0,0,0,1,0,0,0,5,730,230,4,2,1,1,1,1,1,1,2,2,2,5,1
12,0,17,2,1,1,44,,2,54,3,4,4,1,0,0,0,1,0,0,0,1,0,0,0,0,0,0,1,0,0,1,4,500,0,5,3,1,1,1,1,1,3,2,2,4,5,1
9,1,15,1,1,1,46,3,4,46,3,4,5,1,0,0,0,0,1,1,0,0,0,0,0,0,0,0,1,0,0,0,1,400,100,4,5,1,2,1,2,1,4,3,3,4,5,5
9,1,14,5,1,1,40,3,4,40,3,4,4,1,0,0,0,0,2,1,0,0,0,0,0,0,0,0,1,0,0,1,4,500,0,5,5,5,5,4,4,5,5,2,,4,5,3
9,1,15,8,1,1,40,3,2,38,3,1,4,1,0,0,0,0,1,1,0,0,0,0,0,0,0,0,1,0,0,0,1,250,250,5,5,3,5,4,3,2,5,2,2,6,6,6
9,1,14,12,1,1,37,3,2,42,3,1,4,1,0,0,0,0,2,1,0,0,0,0,0,0,0,0,1,0,0,1,2,,,3,4,1,1,1,1,1,3,2,1,4,4,4
9,0,14,12,1,1,42,3,2,42,3,1,4,1,0,0,0,0,1,1,0,0,0,0,0,0,0,0,1,0,0,0,1,100,400,4,4,2,3,2,1,2,3,2,2,6,6,6
9,1,15,7,1,1,43,3,,64,3,,5,0,1,0,0,0,0,1,0,0,0,0,0,0,0,0,1,0,0,1,3,500,0,4,4,3,4,4,4,2,2,2,2,2,4,5
9,0,15,9,1,1,40,3,4,42,3,2,4,1,0,0,0,0,0,1,0,0,0,0,0,0,0,0,1,0,0,0,1,730,230,4,5,3,3,4,4,4,3,2,2,6,6,6
9,1,15,9,1,1,,3,2,,3,4,4,1,0,0,0,0,1,1,0,0,0,0,0,0,0,0,1,0,0,1,1,500,0,4,2,4,5,5,4,4,3,1,1,2,4,4
9,0,14,1,1,1,41,3,2,41,3,4,5,1,0,0,0,0,1,1,0,0,0,0,0,0,0,0,1,0,0,1,1,730,230,4,5,3,3,4,4,4,3,2,2,6,6,6
9,0,14,12,1,1,39,3,7,41,3,7,4,0,1,0,0,0,1,0,1,0,0,0,0,0,0,0,1,0,0,1,3,500,0,5,5,1,1,3,1,1,1,3,3,4,5,1
10,1,16,9,1,1,35,,4,44,,5,5,1,0,0,0,1,0,0,1,0,0,0,0,0,0,0,1,0,0,0,5,,,3,,1,1,1,1,1,1,1,3,1,5,1
10,1,16,11,1,1,,,5,54,,3,3,0,0,1,0,0,0,0,1,0,0,0,0,0,0,0,1,0,0,1,1,100,400,1,5,4,3,1,1,1,1,3,3,3,3,4
10,1,15,11,1,1,49,2,7,49,3,2,4,1,0,0,0,0,0,0,1,0,0,0,0,0,0,0,1,0,0,0,1,1300,800,4,5,3,5,3,,4,5,3,3,5,6,1
12,0,17,1,1,1,41,3,7,41,3,2,,1,0,0,0,0,1,0,1,0,0,0,0,0,0,0,1,0,0,1,5,1000,500,4,4,2,1,2,3,3,3,3,3,4,5,3
11,0,17,8,0,0,49,3,2,49,3,7,4,0,0,1,0,1,2,0,1,0,0,0,0,0,0,0,1,0,0,0,2,100,400,4,4,2,1,4,4,3,4,3,3,3,5,2
11,1,17,7,1,1,45,2,3,47,2,3,4,1,0,0,0,1,0,0,1,0,0,0,0,0,0,0,1,0,0,1,1,160000,159500,4,5,1,1,1,1,1,1,3,3,5,5,1
12,0,18,1,1,1,,2,,,,,4,0,0,0,1,0,0,0,1,0,0,0,0,0,0,0,1,0,0,0,5,,,4,5,1,1,2,3,3,1,1,2,4,5,3
12,0,18,6,1,1,,3,7,,2,4,4,1,0,0,0,1,0,0,0,1,0,0,0,0,0,0,1,0,0,1,1,300,200,4,5,1,2,1,1,1,3,3,2,6,6,6
12,0,18,2,1,1,,3,2,,3,7,4,1,0,0,0,0,0,0,0,1,0,0,0,0,0,0,1,0,0,0,2,,,4,5,1,1,2,1,2,3,2,3,3,5,4
12,1,18,1,1,1,46,3,2,50,3,7,4,1,0,0,0,1,0,0,0,1,0,0,0,0,0,0,1,0,0,1,1,,,4,5,3,3,4,3,4,4,2,3,6,6,6
12,1,18,9,1,1,46,,,52,,,4,1,0,0,0,1,0,0,0,1,0,0,0,0,0,0,1,0,0,0,4,,,1,,,,,,,,1,,,,
12,1,18,,1,1,49,3,7,,3,,3,1,0,0,0,1,0,0,0,1,0,0,0,0,0,0,1,0,0,1,3,,,4,5,3,3,4,4,4,4,2,3,5,3,2
12,1,18,2,1,1,50,,,53,3,4,5,1,0,0,0,1,0,0,0,1,0,0,0,0,0,0,1,0,0,0,2,600,100,4,5,1,1,1,2,1,1,3,3,3,5,
12,1,18,4,1,1,40,2,7,41,2,4,4,1,0,0,0,0,0,0,0,1,0,0,0,0,0,0,1,0,0,1,1,500,0,4,5,3,3,3,2,3,4,2,3,6,6,6
12,0,18,1,1,1,47,3,7,49,3,7,4,1,0,0,0,1,0,0,0,1,0,0,0,0,0,0,1,0,0,0,2,365,135,5,2,2,1,1,1,3,1,2,2,4,4,3
12,1,18,4,1,1,,,,,3,4,5,1,0,0,0,1,0,0,0,1,0,0,0,0,0,0,1,0,0,1,1,500,0,1,1,1,1,1,1,1,1,1,1,6,6,6
12,0,18,6,1,1,48,2,4,47,2,4,4,1,0,0,0,1,0,0,0,1,0,0,0,0,0,0,1,0,0,0,3,1.5e+07,14999500,5,5,1,2,2,2,3,4,3,2,4,5,4
12,1,18,3,1,1,45,3,2,45,3,1,4,0,0,0,0,,,0,0,1,0,0,0,0,0,0,1,0,0,1,1,10000,9500,2,4,3,2,3,4,3,4,2,2,3,5,2
9,1,15,2,1,1,44,3,7,45,3,7,4,1,0,0,0,0,2,1,0,0,0,0,0,0,0,0,1,0,0,0,1,1000,500,3,2,3,2,3,4,3,4,2,2,4,3,5
9,1,15,3,1,1,50,3,7,51,3,7,4,1,0,0,0,1,1,1,0,0,0,0,0,0,0,0,1,0,0,1,3,200,300,4,4,2,2,1,1,3,4,2,2,4,5,4
9,0,15,3,1,1,51,3,5,50,3,7,4,1,0,0,0,1,1,1,0,0,0,0,0,0,0,0,1,0,0,0,2,,,4,4,,,,,,,2,2,,,
9,0,15,3,1,1,40,3,7,,3,2,,1,0,0,0,0,1,1,0,0,0,0,0,0,0,0,1,0,0,1,1,300,200,3,4,3,2,3,3,2,3,2,2,6,6,6
9,1,15,9,1,1,42,3,7,42,3,4,4,1,0,0,0,1,0,1,0,0,0,0,0,0,0,0,1,0,0,0,1,700,200,5,3,3,4,5,5,3,5,1,1,3,6,6
9,1,14,12,1,1,40,3,2,45,3,4,4,1,0,0,0,0,1,1,0,0,0,0,0,0,0,0,1,0,0,1,1,,,4,4,1,1,1,1,1,3,2,2,4,6,6
9,0,15,2,1,1,40,3,4,42,3,4,5,1,0,0,0,0,0,1,0,0,0,0,0,0,0,0,1,0,0,0,1,,,3,5,2,1,4,4,3,4,2,2,6,6,6
9,0,15,7,1,1,,3,2,,3,2,4,1,0,0,0,0,0,1,0,0,0,0,0,0,0,0,1,0,0,1,1,365,135,5,4,3,3,4,4,5,3,2,2,4,5,1
9,0,15,5,1,1,41,3,4,41,3,4,5,1,0,0,0,0,1,1,0,0,0,0,0,0,0,0,1,0,0,0,1,,,4,4,2,1,3,2,4,3,2,2,4,5,5
10,1,15,11,1,1,36,1,3,37,2,3,4,1,0,0,0,0,1,0,1,0,0,0,0,0,0,0,1,0,0,1,3,365,135,5,3,2,2,2,4,2,1,3,3,1,5,1
9,0,15,4,1,1,32,2,7,46,2,7,4,0,0,1,0,0,0,0,1,0,0,0,0,0,0,0,1,0,0,0,4,1000,500,4,1,3,1,1,3,3,5,3,2,1,5,1
10,1,15,11,1,1,34,2,2,33,3,2,5,0,1,0,0,0,0,0,1,0,0,0,0,0,0,0,1,0,0,1,3,100,400,5,5,1,1,1,1,1,1,2,3,5,5,1
10,1,16,9,1,1,45,2,3,46,3,7,4,1,0,0,0,0,1,0,1,0,0,0,0,0,0,0,1,0,0,0,1,1095,595,4,3,1,4,4,4,1,4,3,3,6,6,6
12,0,18,3,1,1,36,1,7,40,2,7,3,1,0,0,0,0,1,0,1,0,0,0,0,0,0,0,1,0,0,1,4,365,135,5,5,1,1,4,1,4,1,3,1,2,5,1
12,0,17,12,1,1,45,2,7,41,2,4,4,1,0,0,0,0,0,0,1,0,0,0,0,0,0,0,1,0,0,0,5,730,230,5,5,1,1,1,1,1,2,3,1,2,5,1
12,1,19,12,1,0,48,2,5,47,1,4,3,1,0,0,0,2,2,0,1,0,0,0,0,0,0,0,1,0,0,1,1,2000,1500,4,1,1,1,1,1,1,2,3,3,6,6,6
8,1,14,5,1,1,40,3,7,43,2,7,5,1,0,0,0,1,0,0,1,0,0,0,0,0,0,0,1,0,0,0,1,1500,1000,3,4,1,1,1,1,1,1,1,2,6,6,6
12,1,18,8,1,1,47,2,,,,,4,0,1,0,0,0,0,0,1,0,0,0,0,0,0,0,1,0,0,1,1,1000,500,4,5,1,3,3,3,4,4,3,3,6,6,6
12,1,18,3,1,1,53,3,5,60,3,4,4,1,0,0,0,2,0,0,0,1,0,0,0,0,0,0,1,0,0,0,4,2.5e+08,249999504,1,1,5,5,5,5,5,5,3,3,1,4,1
12,1,18,4,1,1,53,2,7,54,3,7,4,1,0,0,0,1,0,0,0,1,0,0,0,0,0,0,1,0,0,1,3,350,150,4,5,2,4,4,4,3,4,2,3,4,5,4
12,1,18,9,1,1,43,,,46,,,4,1,0,0,0,1,0,0,0,1,0,0,0,0,0,0,1,0,0,0,5,,,5,4,2,2,4,3,2,3,2,,2,5,4
12,0,18,10,1,1,40,2,5,,,,4,0,0,0,1,0,1,0,0,1,0,0,0,0,0,0,1,0,0,1,4,1000,500,5,4,2,3,3,2,3,2,2,2,4,5,5
12,1,18,2,1,1,44,3,4,45,3,2,5,1,0,0,0,1,0,0,0,1,0,0,0,0,0,0,1,0,0,0,3,400,100,5,5,1,1,2,1,1,1,3,2,3,5,2
12,0,18,4,1,1,45,2,2,57,2,2,4,0,1,0,0,0,1,0,0,1,0,0,0,0,0,0,1,0,0,1,5,730,230,5,4,1,2,2,2,4,3,3,3,4,5,2
14,1,26,2,1,0,45,2,7,,,,3,0,0,0,1,,2,0,0,0,0,0,0,1,0,0,1,0,0,0,5,,,4,4,3,5,3,1,4,5,3,3,2,5,4
14,0,20,8,1,1,48,3,3,52,2,3,3,0,0,0,1,1,0,0,0,0,0,0,0,1,0,0,1,0,0,1,4,650,150,4,5,1,2,1,3,3,3,2,1,5,4,4
14,0,19,1,1,1,52,3,,58,3,,4,0,0,0,1,1,0,0,0,0,0,0,0,1,0,0,1,0,0,0,2,670,170,4,5,1,1,1,1,1,2,3,2,4,5,1
14,0,20,10,1,1,58,3,2,61,3,4,4,1,0,0,0,1,,0,0,0,0,0,0,1,0,0,1,0,0,1,3,500,0,4,5,2,2,2,1,1,2,3,3,4,5,3
14,0,22,1,1,1,42,3,7,46,3,3,3,1,0,0,0,,1,0,0,0,0,0,0,1,0,0,1,0,0,0,5,800,300,4,5,4,4,4,4,4,4,3,3,4,4,5
17,0,22,3,1,1,47,3,2,50,3,2,3,0,0,0,1,,1,0,0,0,0,0,0,1,0,0,1,0,0,1,4,500,0,5,4,1,1,2,2,3,4,3,3,4,5,1
17,0,23,9,1,1,53,3,2,,,6,,1,0,0,0,2,1,0,0,0,0,0,0,1,0,0,1,0,0,0,2,350,150,5,5,3,1,1,1,2,3,3,3,4,5,4
14,0,19,2,1,1,46,3,1,48,3,4,3,1,0,0,0,0,2,0,0,0,0,0,0,1,0,0,1,0,0,1,4,600,100,5,5,4,4,4,1,4,4,3,3,1,5,4
14,0,20,7,1,1,59,3,2,52,3,3,4,0,0,0,1,0,0,0,0,0,0,0,0,1,0,0,1,0,0,0,3,450,50,5,5,1,2,1,2,3,4,3,3,4,4,1
14,0,20,6,1,1,45,3,2,44,3,6,4,1,0,0,0,0,1,0,0,0,0,0,0,1,0,0,1,0,0,1,2,500,0,5,5,2,2,3,3,3,2,3,3,4,5,3
14,0,21,12,1,1,60,3,7,56,3,7,4,0,0,0,1,0,0,0,0,0,0,0,0,1,0,0,1,0,0,0,4,450,50,4,2,1,2,3,3,1,4,3,3,4,5,1
14,0,20,10,1,1,46,2,7,46,2,4,3,1,0,0,0,1,0,0,0,0,0,0,0,1,0,0,1,0,0,1,3,500,0,4,5,1,2,2,3,1,4,3,3,2,5,4
14,1,20,9,1,1,44,3,3,46,2,3,3,1,0,0,0,0,1,0,0,0,0,0,0,1,0,0,1,0,0,0,5,720,220,5,5,1,1,1,1,1,2,3,3,5,5,3
14,1,20,11,1,1,52,3,7,,,,4,0,1,0,0,1,0,0,0,0,0,0,0,1,0,0,1,0,0,1,2,500,0,5,5,3,2,3,2,3,2,3,3,4,4,3
14,0,20,10,1,1,53,3,4,53,2,4,3,0,0,0,1,1,0,0,0,0,0,0,0,1,0,0,1,0,0,0,5,600,100,3,4,1,1,1,1,1,3,3,3,2,5,1
14,1,22,4,1,1,47,3,3,48,3,3,4,0,0,0,1,0,1,0,0,0,0,0,0,1,0,0,1,0,0,1,1,300,200,4,5,2,2,3,2,3,3,3,3,6,6,6
14,0,20,8,1,1,52,2,4,52,3,4,4,0,0,0,1,1,0,0,0,0,0,0,0,1,0,0,1,0,0,0,5,365,135,5,5,2,3,3,3,3,5,3,3,1,5,4
12,0,18,1,1,1,60,3,2,,,,4,0,1,0,0,0,0,0,0,1,0,0,0,0,0,0,1,0,0,1,1,300,200,4,5,3,2,3,3,2,4,3,3,6,6,6
14,1,20,9,1,1,47,3,3,50,3,1,4,0,1,0,0,0,0,0,0,0,0,0,0,1,0,0,1,0,0,0,4,300,200,4,5,1,1,1,1,1,1,3,3,2,5,1
14,0,19,12,1,1,50,3,3,46,3,3,4,0,1,0,0,0,2,0,0,0,0,0,0,1,0,0,1,0,0,1,4,500,0,4,5,4,4,4,4,4,4,3,3,4,5,4
14,0,21,4,1,1,43,2,3,45,2,7,3,0,0,0,1,0,1,0,0,0,0,0,0,1,0,0,1,0,0,0,2,2555,2055,3,4,2,4,1,4,3,4,3,3,3,5,1
14,0,20,11,1,1,52,2,3,49,2,3,3,0,0,0,1,1,0,0,0,0,0,0,0,1,0,0,1,0,0,1,1,730,230,4,5,1,3,1,1,1,3,3,3,6,6,6
14,0,20,8,1,1,42,2,7,45,2,7,4,1,0,0,0,0,1,0,0,0,0,0,0,1,0,0,1,0,0,0,5,5000,4500,2,4,1,1,1,1,1,1,3,2,3,5,2
14,0,25,12,1,1,30,3,,49,3,1,4,0,0,0,1,0,3,0,0,0,0,0,0,1,0,0,1,0,0,1,4,700,200,4,4,1,1,2,1,1,2,3,3,3,5,1
14,1,20,5,1,1,49,3,1,50,3,2,4,0,0,0,1,0,0,0,0,0,0,0,0,1,0,0,1,0,0,0,4,3e+05,299500,3,4,1,1,1,1,2,1,3,2,3,5,4
14,0,20,6,1,1,44,2,4,46,2,5,4,0,0,0,1,0,1,0,0,0,0,0,0,1,0,0,1,0,0,1,5,500,0,4,4,2,2,3,3,3,4,3,3,4,5,1
14,0,20,11,1,1,44,3,1,45,2,4,4,0,1,0,0,1,0,0,0,0,0,0,0,1,0,0,1,0,0,0,5,500,0,3,2,1,2,3,3,3,4,3,3,4,5,1
14,0,20,8,1,1,42,2,4,46,2,5,4,0,0,0,1,0,1,0,0,0,0,0,0,1,0,0,1,0,0,1,4,365,135,4,5,1,1,1,2,1,4,3,3,4,5,4
14,0,20,2,1,1,57,3,7,,,,3,0,0,0,0,0,1,0,0,0,0,0,0,0,0,1,1,0,0,0,3,850,350,3,4,3,3,3,4,4,5,3,3,4,5,3
15,0,21,10,1,1,,3,3,64,3,3,5,1,0,0,0,1,0,0,0,0,0,0,0,1,0,0,1,0,0,1,4,730,230,4,5,1,1,3,2,1,3,3,3,3,4,2
15,0,21,4,1,1,44,2,3,51,2,3,4,1,0,0,0,1,0,0,0,0,0,0,0,1,0,0,1,0,0,0,5,720,220,3,5,2,2,2,3,1,4,3,2,4,5,2
15,0,21,4,1,1,53,3,7,,,,,0,1,0,0,0,0,0,0,0,0,0,0,1,0,0,1,0,0,1,5,,,4,4,2,2,2,3,2,3,2,2,3,4,4
15,0,20,12,1,1,52,3,5,59,2,3,4,0,0,0,1,0,1,0,0,0,0,0,0,1,0,0,1,0,0,0,5,1000,500,5,5,1,1,1,1,1,1,2,2,3,4,3
14,1,20,7,1,1,51,3,7,55,3,7,3,1,0,0,0,1,0,0,0,0,0,0,0,1,0,0,1,0,0,1,2,400,100,4,5,2,2,3,1,4,4,3,3,2,4,2
10,0,16,9,1,1,43,2,2,48,3,4,5,1,0,0,0,0,1,0,1,0,0,0,0,0,0,0,1,0,0,0,1,,,4,4,1,2,4,4,4,4,2,3,6,6,6
17,0,26,5,1,1,55,2,6,,,,4,0,1,0,0,0,1,0,0,0,0,0,0,0,0,1,1,0,0,1,4,356,144,3,4,2,2,2,2,2,2,3,3,4,5,4
15,1,22,2,1,1,40,3,5,54,3,4,4,0,0,1,0,1,0,0,0,0,0,0,0,0,0,1,1,0,0,0,1,500,0,5,3,3,3,2,4,3,4,3,3,6,6,6
14,0,20,9,1,1,47,3,3,49,3,3,3,1,0,0,0,1,0,0,0,0,0,0,0,1,0,0,1,0,0,1,5,500,0,4,5,1,1,3,1,1,3,3,3,3,5,3
11,1,17,7,1,1,53,3,7,59,3,4,4,1,0,0,0,0,0,1,0,0,0,0,0,0,0,0,1,0,0,0,1,3000,2500,4,4,1,2,2,1,2,3,1,2,6,6,6
12,0,18,7,1,1,54,3,2,55,3,7,3,0,1,0,0,1,0,0,0,1,0,0,0,0,0,0,1,0,0,0,5,300,200,4,4,2,2,2,2,2,3,3,3,4,5,3
12,0,18,5,1,1,45,3,4,50,3,4,4,0,0,0,0,,,0,0,1,0,0,0,0,0,0,1,0,0,1,1,650,150,4,3,3,2,1,2,3,4,2,2,6,6,6
12,0,18,5,1,1,45,1,5,49,2,7,3,1,0,0,0,1,0,0,0,1,0,0,0,0,0,0,1,0,0,0,1,365,135,4,4,4,4,4,4,4,4,3,1,6,6,6
12,0,18,9,1,1,60,3,,65,2,,4,0,1,0,0,1,0,0,0,1,0,0,0,0,0,0,1,0,0,1,5,1000,500,4,4,1,1,1,1,1,3,3,2,4,4,4
12,1,18,5,1,1,,3,7,,3,7,5,1,0,0,0,0,0,0,0,1,0,0,0,0,0,0,1,0,0,0,1,400,100,5,4,4,4,3,2,4,5,3,1,6,6,6
12,0,18,11,1,1,43,3,2,41,3,2,3,0,0,1,0,0,1,0,0,1,0,0,0,0,0,0,1,0,0,1,1,500,0,4,4,1,4,4,2,3,3,3,3,6,6,6
12,1,17,,1,1,,3,4,,3,2,4,1,0,0,0,0,1,0,0,1,0,0,0,0,0,0,1,0,0,0,2,360,140,5,5,3,4,2,2,2,5,2,2,5,5,2
12,0,18,2,1,1,43,2,7,45,3,7,4,1,0,0,0,0,0,0,0,1,0,0,0,0,0,0,1,0,0,1,1,400,100,4,3,2,2,2,2,2,2,1,2,5,4,4
12,1,18,8,1,1,40,2,4,43,2,4,4,1,0,0,0,1,0,0,0,1,0,0,0,0,0,0,1,0,0,0,4,400,100,4,5,1,1,1,1,2,3,3,3,2,5,2
12,0,18,5,1,1,40,2,3,44,2,3,4,0,0,0,0,,,0,0,1,0,0,0,0,0,0,1,0,0,1,4,,,,4,2,1,1,4,4,4,2,2,4,5,5
12,1,18,2,1,1,,,,,,,4,0,0,0,0,0,1,0,0,1,0,0,0,0,0,0,1,0,0,0,4,420,80,4,3,3,3,4,3,3,4,1,2,3,5,3
12,0,18,8,1,0,45,3,4,43,3,7,5,0,0,0,0,,,0,0,1,0,0,0,0,0,0,1,0,0,1,1,10,490,2,5,3,1,2,3,,4,2,2,6,6,6
12,0,18,7,1,1,43,2,4,43,2,4,4,1,0,0,0,0,1,0,0,1,0,0,0,0,0,0,1,0,0,0,5,365,135,4,5,2,2,3,4,3,3,2,2,4,4,4
9,0,15,7,1,1,41,3,4,41,3,7,5,1,0,0,0,1,0,0,1,0,0,0,0,0,0,0,1,0,0,1,1,500,0,5,3,1,2,2,3,1,4,3,2,6,6,6
15,1,21,5,1,1,54,3,7,50,2,7,4,1,0,0,0,1,0,0,0,0,0,0,0,0,0,1,1,0,0,0,2,120,380,2,2,3,1,1,1,1,3,3,1,3,5,2
15,1,22,11,1,1,46,3,4,47,3,1,5,0,0,0,1,0,1,0,0,0,0,0,0,0,0,1,1,0,0,1,3,500,0,5,5,5,5,2,3,4,5,2,2,4,5,4
14,0,20,1,1,1,47,2,5,49,2,3,4,0,0,0,1,1,0,0,0,0,0,0,0,0,0,1,1,0,0,0,3,200,300,4,5,3,2,1,2,2,3,2,2,4,5,4
14,0,20,7,1,1,40,2,4,43,2,3,3,0,1,0,0,0,0,0,0,0,0,0,0,0,0,1,1,0,0,1,1,250,250,3,4,4,2,4,4,4,3,3,3,6,6,6
14,1,21,10,1,1,45,2,2,45,3,2,4,1,0,0,0,1,0,0,0,0,0,0,0,0,0,1,1,0,0,0,3,1000,500,3,4,1,2,3,1,3,4,1,2,3,5,2
14,1,19,4,1,1,43,2,4,,,,3,0,1,0,0,0,1,0,0,0,0,0,0,0,0,1,1,0,0,1,3,400,100,3,5,5,4,4,3,5,2,3,3,3,5,2
14,0,19,2,1,1,64,3,5,63,3,1,4,0,0,0,1,0,0,0,0,0,0,0,0,0,0,1,1,0,0,0,4,450,50,3,5,1,2,1,1,1,2,2,2,3,5,1
14,0,20,5,1,1,42,3,2,44,2,4,4,0,0,0,1,0,0,0,0,0,0,0,0,0,0,1,1,0,0,1,5,500,0,5,5,3,4,3,2,4,4,3,3,2,5,3
14,0,20,6,1,1,60,3,4,69,2,6,4,1,0,0,0,3,0,0,0,0,0,0,0,0,0,1,1,0,0,0,1,400,100,5,4,1,1,1,1,1,2,3,3,2,3,5
14,0,19,12,1,1,43,2,1,46,3,7,4,0,1,0,0,0,1,0,0,0,0,0,0,0,0,1,1,0,0,1,5,1095,595,5,5,1,3,2,2,3,4,2,3,3,5,2
14,1,20,5,1,1,43,3,5,55,2,7,4,0,0,0,1,0,0,0,0,0,0,0,0,0,0,1,1,0,0,0,4,800,300,4,3,2,2,4,3,2,4,2,2,4,4,2
14,1,22,4,1,1,49,3,7,49,3,7,4,0,0,0,1,1,0,0,0,0,0,0,0,0,0,1,1,0,0,1,5,480,20,4,4,4,4,4,3,2,4,3,3,4,5,3
14,0,20,11,1,1,45,3,2,56,3,2,4,1,0,0,0,0,0,0,0,0,0,0,0,0,0,1,1,0,0,0,4,700,200,4,4,2,2,2,1,1,3,3,3,3,5,2
14,0,20,2,1,1,38,2,4,44,2,3,4,0,0,0,1,0,0,0,0,0,0,0,0,0,0,1,1,0,0,1,5,400,100,4,5,3,4,4,5,5,4,3,3,4,5,4
14,0,19,12,1,1,53,3,4,46,2,1,5,0,0,0,1,0,0,0,0,0,0,0,0,0,0,1,1,0,0,0,3,500,0,4,4,2,3,4,4,3,4,2,3,4,5,4
14,0,19,4,1,1,48,3,3,46,3,3,5,1,0,0,0,1,0,0,0,0,0,0,0,1,0,0,1,0,0,1,2,300,200,4,5,3,4,4,3,4,5,3,3,1,5,4
14,0,20,8,1,1,50,2,3,54,2,7,4,0,0,0,1,1,0,0,0,0,0,0,0,0,0,1,1,0,0,0,4,350,150,4,4,1,3,1,2,2,4,3,2,3,4,3
14,0,20,9,1,1,43,3,7,39,3,2,4,1,0,0,0,0,0,0,0,0,0,0,0,0,0,1,1,0,0,1,5,500,0,4,5,4,3,3,4,2,4,3,2,3,4,1
14,0,19,5,1,1,48,3,2,49,3,2,4,0,0,0,1,1,1,0,0,0,0,0,0,0,0,1,1,0,0,0,1,1000,500,4,5,2,3,3,3,3,3,3,3,6,6,6
13,1,19,8,1,1,42,3,2,45,3,7,4,0,0,0,1,0,1,0,0,0,0,0,0,0,0,1,1,0,0,1,5,20000,19500,4,5,1,2,1,3,3,5,1,2,3,4,1
17,0,22,1,1,1,45,2,4,47,2,4,5,0,0,0,1,0,1,0,0,0,0,0,0,0,0,1,1,0,0,0,4,365,135,4,5,3,1,2,2,2,4,3,2,4,4,4
14,0,20,8,1,1,42,2,1,45,3,7,4,0,0,0,1,0,0,0,0,0,0,0,0,0,0,1,1,0,0,1,3,500,0,4,3,2,1,2,2,1,2,2,2,5,5,4
14,1,20,4,1,1,52,2,7,55,3,2,3,0,0,0,1,1,0,0,0,0,0,0,0,0,0,1,1,0,0,0,2,100,400,4,4,1,1,1,2,2,3,2,3,3,5,2
14,0,20,2,1,1,58,3,7,60,3,3,4,1,0,0,0,0,0,0,0,0,0,0,0,0,0,1,1,0,0,1,5,900,400,2,4,2,3,3,3,1,4,3,3,4,5,3
14,0,20,4,1,1,41,3,7,43,3,7,4,0,0,0,1,0,1,0,0,0,0,0,0,0,0,1,1,0,0,0,4,408,92,3,4,1,3,4,1,2,4,3,2,3,5,2
14,0,20,1,1,1,45,2,7,50,3,3,4,0,0,0,1,1,0,0,0,0,0,0,0,0,0,1,1,0,0,1,4,500,0,5,4,2,2,2,2,4,4,2,2,2,4,1
12,0,17,3,1,1,39,3,7,42,3,4,3,0,1,0,0,1,3,0,0,0,0,0,1,0,0,0,1,0,0,0,1,1460,960,4,3,1,3,1,1,1,4,2,3,6,6,6
15,0,21,7,1,1,53,2,,,,,,0,0,0,1,1,0,0,0,0,0,0,0,0,0,1,1,0,0,1,1,500,0,2,3,2,3,4,3,3,4,1,2,6,6,6
13,1,19,9,1,1,49,3,4,55,3,7,3,1,0,0,0,1,0,0,0,0,0,0,0,0,0,1,1,0,0,0,3,730,230,3,4,2,2,1,1,3,4,3,2,4,4,4
15,1,21,5,1,1,45,3,7,48,2,3,4,1,0,0,0,1,0,0,0,0,0,0,0,0,0,1,1,0,0,1,1,700,200,4,4,3,2,3,2,3,3,3,3,6,6,6
16,1,22,,1,1,47,3,4,51,3,3,3,0,0,0,1,0,2,0,0,0,0,0,0,0,0,1,1,0,0,0,1,500,0,4,5,1,3,3,2,3,4,3,3,6,6,6
13,0,19,1,1,1,49,3,2,50,3,2,4,1,0,0,0,0,1,0,0,0,0,0,0,0,0,1,1,0,0,1,5,500,0,5,4,4,5,4,3,5,5,3,3,3,5,4
12,0,18,9,1,1,40,2,3,50,3,4,5,1,0,0,0,0,0,0,0,0,0,0,1,0,0,0,1,0,0,0,3,365,135,5,5,2,3,1,1,1,4,3,3,4,5,1
14,1,19,1,1,1,50,3,4,55,2,7,5,1,0,0,0,1,0,0,0,0,0,0,0,0,0,1,1,0,0,1,3,500,0,2,3,2,4,4,3,4,4,3,3,4,4,4
14,1,19,4,1,1,41,3,7,47,3,,4,0,0,0,1,1,3,0,0,0,0,0,0,0,0,1,1,0,0,0,1,100,400,2,2,1,2,2,1,2,3,3,3,6,6,6
15,0,22,11,1,1,54,3,4,59,3,4,4,1,0,0,0,1,1,0,0,0,0,0,0,0,0,1,1,0,0,1,4,500,0,5,5,4,5,5,5,5,5,3,3,3,5,3
11,1,17,5,1,1,42,3,7,46,3,7,4,1,0,0,0,0,1,0,0,0,1,0,0,0,0,0,1,0,0,0,3,500,0,4,4,1,1,1,2,2,4,2,2,4,5,2
14,1,20,3,1,1,42,2,7,43,3,4,3,0,0,0,1,0,2,0,0,0,0,0,0,0,0,1,1,0,0,1,4,178,322,4,5,4,5,3,1,4,5,3,3,2,5,2
16,1,22,9,1,1,,,,50,3,4,3,0,0,0,1,0,0,0,0,0,0,0,0,0,0,1,1,0,0,0,4,200,300,4,5,4,3,5,5,4,2,2,2,3,5,2
16,0,22,8,1,1,49,3,7,49,3,6,4,1,0,0,0,1,0,0,0,0,0,0,0,0,0,1,1,0,0,1,2,500,0,4,3,3,3,4,3,4,4,2,2,4,5,2
14,1,20,1,1,1,47,3,7,50,3,7,4,1,0,0,0,0,0,0,0,0,0,0,0,0,0,1,1,0,0,0,2,120,380,4,5,1,1,2,1,1,3,2,2,3,3,3
14,0,20,9,1,1,48,3,2,49,3,7,4,1,0,0,0,0,0,0,0,0,0,0,0,0,0,1,1,0,0,1,3,500,0,5,5,2,2,2,1,3,3,3,3,4,5,2
14,1,20,5,1,1,60,3,7,60,3,4,4,0,1,0,0,0,0,0,0,0,0,0,0,1,0,0,1,0,0,0,4,650,150,4,4,2,2,3,3,1,3,2,2,3,4,2
14,0,20,6,1,1,42,2,7,45,3,1,4,1,0,0,0,1,0,0,0,0,0,0,0,0,0,1,1,0,0,1,5,500,0,3,5,1,3,3,3,3,3,3,1,5,2,2
14,0,19,12,1,1,63,3,7,,,,5,0,1,0,0,0,0,0,0,0,0,0,0,0,0,1,1,0,0,0,1,1000,500,5,5,1,3,4,4,4,4,3,3,2,4,4
14,0,19,6,1,1,48,3,3,49,3,1,4,0,1,0,0,0,0,0,0,0,0,0,0,0,0,1,1,0,0,1,5,500,0,4,5,4,3,3,4,4,5,2,3,3,5,3
13,0,18,1,1,1,50,3,5,52,3,7,3,0,0,0,1,0,1,0,0,0,0,0,0,0,0,1,1,0,0,0,2,700,200,4,2,1,1,1,1,3,4,3,3,3,5,4
15,0,21,3,1,1,43,3,2,49,3,5,4,1,0,0,0,0,0,0,0,0,0,0,0,0,0,1,1,0,0,1,3,500,0,5,4,5,4,3,3,4,4,2,2,2,5,5
16,0,22,2,1,1,50,3,2,54,2,7,4,0,0,0,1,0,1,0,0,0,0,0,0,1,0,0,1,0,0,0,5,1000,500,3,5,3,2,5,3,3,2,3,3,4,4,4
10,0,16,8,1,0,43,,5,46,,3,5,1,0,0,0,1,1,0,1,0,0,0,0,0,0,0,1,0,0,1,1,,,4,5,4,1,1,2,3,1,1,1,6,6,6
9,0,15,6,1,1,32,,4,38,,7,4,0,1,0,0,0,0,0,1,0,0,0,0,0,0,0,1,0,0,0,4,1000,500,4,2,1,1,1,1,2,3,2,2,2,3,3
10,1,16,9,1,1,40,2,5,44,3,7,4,0,1,0,0,0,0,0,1,0,0,0,0,0,0,0,1,0,0,1,,200,300,4,1,1,1,1,2,1,2,2,1,4,5,4
9,1,15,11,1,1,,2,3,,2,3,4,1,0,0,0,0,0,0,1,0,0,0,0,0,0,0,1,0,0,0,2,400,100,5,,3,3,1,3,4,3,,,,5,5
12,0,16,12,0,1,36,1,5,55,1,7,4,1,0,0,0,0,6,0,1,0,0,0,0,0,0,0,1,0,0,1,1,,,4,3,1,1,1,2,1,3,2,1,6,6,6
12,0,18,6,1,1,37,2,5,36,2,4,3,0,0,1,0,0,1,0,1,0,0,0,0,0,0,0,1,0,0,0,5,1095,595,,,1,1,1,3,3,2,2,3,1,5,1
11,0,17,3,1,1,50,,2,53,3,7,5,1,0,0,0,1,0,0,1,0,0,0,0,0,0,0,1,0,0,1,4,1460,960,2,1,3,3,4,2,2,5,1,3,1,5,1
12,0,18,1,1,1,,,,45,3,2,5,0,0,1,0,1,0,0,0,0,1,0,0,0,0,0,1,0,0,0,3,1500,1000,5,5,4,2,3,3,4,4,2,,3,5,4
12,1,18,10,1,1,43,3,4,50,3,4,3,1,0,0,0,1,0,0,0,0,1,0,0,0,0,0,1,0,0,1,5,365,135,3,3,2,2,3,2,1,2,2,3,4,5,4
12,0,18,2,1,1,48,3,2,49,3,4,5,1,0,0,0,0,1,0,0,0,1,0,0,0,0,0,1,0,0,0,5,2000,1500,4,5,2,1,1,1,3,3,2,3,4,5,5
12,1,18,2,1,1,40,2,7,46,2,7,3,0,0,0,0,,,0,0,0,1,0,0,0,0,0,1,0,0,1,1,364,136,5,5,1,3,1,3,1,1,3,1,6,6,6
12,0,18,1,1,1,46,3,2,46,3,4,5,1,0,0,0,0,1,0,0,0,1,0,0,0,0,0,1,0,0,0,5,1080,580,5,5,2,1,1,1,1,3,1,2,1,5,4
12,1,18,7,1,1,48,3,1,48,3,7,5,0,0,1,0,1,0,0,0,0,1,0,0,0,0,0,1,0,0,1,5,500,0,5,4,1,1,1,2,3,4,2,2,4,5,2
12,0,17,4,1,1,44,3,4,50,3,7,3,1,0,0,0,0,1,0,0,0,1,0,0,0,0,0,1,0,0,0,5,850,350,4,4,2,2,2,2,2,3,2,2,2,4,4
12,0,18,10,1,1,42,3,2,41,3,1,5,1,0,0,0,0,0,0,0,0,1,0,0,0,0,0,1,0,0,1,1,,,4,4,3,3,3,3,3,,2,1,6,6,6
12,0,18,7,1,1,50,3,,52,3,,4,1,0,0,0,0,0,0,0,0,1,0,0,0,0,0,1,0,0,0,2,60,440,4,4,3,3,4,4,4,4,3,3,4,4,4
12,1,17,12,1,1,39,3,2,37,2,4,5,0,0,0,1,0,0,0,0,0,1,0,0,0,0,0,1,0,0,1,1,,,5,5,2,3,5,5,2,4,2,3,6,6,6
12,0,18,7,1,1,43,3,7,54,3,7,4,0,1,0,0,0,0,0,0,0,1,0,0,0,0,0,1,0,0,0,4,480,20,5,4,2,3,2,3,2,2,2,2,2,4,3
12,0,17,2,1,0,45,3,4,43,3,4,5,1,0,0,0,0,1,0,0,0,1,0,0,0,0,0,1,0,0,1,5,500,0,,4,2,2,2,2,1,3,2,2,4,5,4
12,0,17,12,1,1,52,,4,,,,,1,0,0,0,1,0,0,0,0,1,0,0,0,0,0,1,0,0,0,4,,,4,,3,4,5,4,4,5,3,3,3,5,4
12,0,18,11,1,1,40,3,7,45,3,2,4,1,0,0,0,0,1,0,0,0,1,0,0,0,0,0,1,0,0,1,5,,,5,4,1,1,1,1,1,1,1,2,2,5,1
12,0,18,12,1,1,50,2,4,51,2,4,5,0,1,0,0,0,0,0,0,0,1,0,0,0,0,0,1,0,0,0,1,2000,1500,5,5,1,2,1,1,2,2,1,1,1,1,1
12,1,17,7,1,1,48,3,7,49,3,4,4,1,0,0,0,1,0,0,0,0,1,0,0,0,0,0,1,0,0,1,1,300,200,4,5,3,2,4,5,5,4,2,2,6,6,6
12,0,18,4,1,1,39,3,2,44,2,2,4,0,1,0,0,0,1,0,0,0,1,0,0,0,0,0,1,0,0,0,4,400,100,5,5,3,2,3,3,4,3,3,2,3,5,2
12,0,18,5,1,1,41,2,4,43,2,4,4,1,0,0,0,0,1,0,0,0,1,0,0,0,0,0,1,0,0,1,5,,,5,4,3,3,3,3,3,3,1,2,3,5,5
12,1,18,1,1,1,43,3,1,45,2,3,5,1,0,0,0,0,1,0,0,0,1,0,0,0,0,0,1,0,0,0,1,,,5,4,1,1,1,1,1,1,2,2,6,6,6
12,1,18,6,1,1,44,3,4,43,3,4,4,1,0,0,0,0,1,0,0,0,1,0,0,0,0,0,1,0,0,1,5,500,0,5,4,1,2,3,4,5,4,2,2,1,5,3
12,0,18,7,1,1,52,2,4,46,3,4,4,1,0,0,0,1,0,0,0,0,1,0,0,0,0,0,1,0,0,0,5,2000,1500,5,5,1,1,1,1,1,4,3,2,2,4,3
12,1,18,8,1,1,53,3,3,53,3,2,4,0,0,0,0,,,0,0,0,1,0,0,0,0,0,1,0,0,1,4,500,0,5,4,4,4,3,3,2,2,3,3,4,4,3
12,0,18,8,1,1,39,2,,45,3,7,5,1,0,0,0,0,1,0,0,0,1,0,0,0,0,0,1,0,0,0,1,650,150,3,4,2,1,1,4,2,2,3,3,4,5,3
12,0,18,1,1,1,46,2,2,52,2,3,4,1,0,0,0,1,0,0,0,0,1,0,0,0,0,0,1,0,0,1,4,500,0,4,5,3,3,2,2,2,4,1,1,4,5,5
12,1,17,12,1,1,42,3,4,49,3,4,4,0,0,0,1,2,1,0,0,0,1,0,0,0,0,0,1,0,0,0,5,642,142,5,5,1,2,1,1,1,1,2,2,4,5,2
12,0,17,7,1,1,38,2,4,43,3,4,4,1,0,0,0,1,0,0,0,0,1,0,0,0,0,0,1,0,0,1,4,500,0,5,5,2,2,2,2,2,3,3,3,3,5,3
12,1,18,7,1,1,38,2,2,48,3,7,5,1,0,0,0,0,1,0,0,0,1,0,0,0,0,0,1,0,0,0,4,350,150,4,4,3,3,1,2,2,2,3,2,3,5,3
12,0,18,7,1,1,43,2,7,42,2,3,4,1,0,0,0,0,1,0,0,0,1,0,0,0,0,0,1,0,0,1,4,500,0,4,5,2,2,3,3,3,2,3,3,4,5,4
12,1,18,4,1,1,45,2,2,50,3,2,4,1,0,0,0,0,1,0,0,0,1,0,0,0,0,0,1,0,0,0,1,550,50,5,4,2,1,4,2,2,2,2,1,3,5,4
12,1,18,2,1,1,42,2,3,46,2,7,4,1,0,0,0,0,1,0,0,0,1,0,0,0,0,0,1,0,0,1,3,500,0,4,4,2,3,3,4,2,4,2,2,5,4,3
12,0,18,7,1,1,45,3,2,45,3,3,4,0,0,0,0,,,0,0,0,1,0,0,0,0,0,1,0,0,0,1,,,5,5,2,2,2,3,2,4,3,2,6,6,6
12,1,18,1,1,1,50,2,5,53,2,3,4,1,0,0,0,1,0,0,0,0,1,0,0,0,0,0,1,0,0,1,1,500,0,5,4,1,2,2,2,2,2,2,2,6,6,6
12,0,18,4,1,1,40,2,3,41,2,4,4,1,0,0,0,0,1,0,0,0,1,0,0,0,0,0,1,0,0,0,4,365,135,4,3,2,1,1,1,1,2,2,2,3,5,4
12,0,18,7,1,1,42,2,2,40,2,3,4,0,0,0,0,,,0,0,0,1,0,0,0,0,0,1,0,0,1,4,500,0,5,5,3,3,3,3,3,3,3,3,3,5,5
12,1,18,4,1,1,44,2,3,44,2,4,4,0,1,0,0,1,0,0,0,0,1,0,0,0,0,0,1,0,0,0,2,800,300,4,4,2,1,3,3,3,3,2,3,3,5,2
12,,18,1,1,1,40,2,1,47,2,4,5,0,0,0,0,,,0,0,0,1,0,0,0,0,0,1,0,0,1,4,3,497,4,4,3,3,4,4,3,5,2,2,2,5,2
12,0,18,7,1,1,38,3,2,38,3,2,4,1,0,0,0,0,0,0,0,0,1,0,0,0,0,0,1,0,0,0,1,,,4,5,1,3,2,3,4,4,3,3,6,6,6
12,0,18,10,1,1,41,2,2,45,2,7,2,0,1,0,0,1,0,0,0,0,1,0,0,0,0,0,1,0,0,1,1,500,0,4,3,1,3,3,3,3,1,3,3,4,5,6
12,0,17,2,1,1,40,3,7,41,3,1,4,1,0,0,0,0,1,0,0,0,1,0,0,0,0,0,1,0,0,0,4,,,5,5,3,1,1,3,1,3,2,3,3,5,4
12,0,18,11,1,1,44,2,4,48,2,4,5,0,0,0,0,,,0,0,0,1,0,0,0,0,0,1,0,0,1,4,700,200,4,4,1,1,,5,5,5,3,3,5,5,4
12,0,18,12,1,1,42,3,2,42,3,3,5,1,0,0,0,0,0,0,0,0,1,0,0,0,0,0,1,0,0,0,5,,,5,5,1,1,1,1,1,1,2,2,4,5,4
12,1,18,4,1,1,50,3,3,50,3,7,4,0,0,0,0,,,0,0,0,1,0,0,0,0,0,1,0,0,1,1,400,100,4,4,3,2,1,4,3,4,2,2,6,6,6
12,0,18,5,1,1,,,,49,3,7,4,0,0,0,1,0,0,0,0,0,1,0,0,0,0,0,1,0,0,0,4,300,200,4,4,3,1,2,3,2,4,2,3,3,5,4
12,0,18,11,1,1,45,3,7,46,3,7,4,0,0,0,0,,,0,0,0,1,0,0,0,0,0,1,0,0,1,5,501,1,5,3,2,4,1,3,1,4,3,3,4,5,4
12,1,18,12,1,1,41,3,2,47,3,1,4,1,0,0,0,0,0,0,0,0,1,0,0,0,0,0,1,0,0,0,2,1100,600,3,4,2,3,4,4,4,2,2,3,3,5,3
12,1,18,3,1,1,50,3,7,45,3,4,4,1,0,0,0,1,0,0,0,0,1,0,0,0,0,0,1,0,0,1,4,500,0,3,4,3,2,2,3,1,3,2,2,4,5,3
12,1,18,9,1,1,50,3,7,55,3,4,4,1,0,0,0,3,0,0,0,0,1,0,0,0,0,0,1,0,0,0,4,400,100,5,5,2,3,3,3,4,5,3,3,4,5,4
12,0,18,10,1,1,39,2,7,46,2,3,4,1,0,0,0,0,1,0,0,0,1,0,0,0,0,0,1,0,0,1,4,500,0,3,3,3,3,3,3,3,4,2,2,2,5,3
12,0,18,10,1,1,45,2,7,41,2,2,4,0,0,0,1,0,0,0,0,0,1,0,0,0,0,0,1,0,0,0,3,500,0,4,5,3,3,4,4,4,5,3,2,3,5,5
12,1,18,7,1,1,43,2,2,47,3,1,4,0,0,0,0,,,0,0,0,1,0,0,0,0,0,1,0,0,1,1,700,200,4,4,1,1,1,1,1,1,2,2,5,4,1
12,1,18,10,1,1,43,2,7,51,3,7,2,0,0,1,0,1,0,0,0,0,1,0,0,0,0,0,1,0,0,0,1,500,0,4,5,1,2,4,1,1,3,3,3,6,6,6
12,1,18,6,1,1,47,2,4,47,2,4,4,0,0,0,1,0,0,0,0,0,1,0,0,0,0,0,1,0,0,1,2,300,200,5,5,1,2,1,1,1,3,3,3,3,5,2
12,1,18,1,1,1,53,3,2,56,2,6,4,1,0,0,0,0,0,0,0,0,1,0,0,0,0,0,1,0,0,0,4,683,183,5,5,2,2,2,2,2,2,2,2,3,5,2
12,0,18,11,1,1,46,2,2,47,2,4,4,1,0,0,0,1,0,0,0,0,1,0,0,0,0,0,1,0,0,1,1,600,100,3,5,1,1,2,2,2,4,3,3,6,6,6
12,0,18,9,1,1,46,3,4,44,2,4,2,0,0,0,0,2,0,0,0,0,1,0,0,0,0,0,1,0,0,0,4,400,100,4,4,4,5,5,5,4,4,3,3,3,4,5
12,1,18,7,1,1,44,,3,44,,3,4,1,0,0,0,1,0,0,0,0,1,0,0,0,0,0,1,0,0,1,3,300,200,4,5,1,2,1,1,1,3,2,3,3,5,2
12,0,17,2,1,1,38,,4,39,,4,,1,0,0,0,0,1,0,0,0,1,0,0,0,0,0,1,0,0,0,2,750,250,4,5,3,3,3,3,3,3,3,3,4,5,5
12,0,18,4,1,1,45,3,2,48,3,1,4,0,1,0,0,1,0,0,0,0,1,0,0,0,0,0,1,0,0,1,4,300,200,5,5,1,2,2,3,2,4,3,3,3,5,4
12,0,18,9,1,1,39,2,2,43,2,2,5,1,0,0,0,0,1,0,0,0,1,0,0,0,0,0,1,0,0,0,1,500,0,5,4,4,4,4,3,4,5,2,2,6,6,6
12,1,17,3,1,1,,3,2,,2,,4,0,1,0,0,0,2,0,0,0,1,0,0,0,0,0,1,0,0,1,4,500,0,4,5,3,4,2,2,2,4,3,3,3,5,2
12,1,19,3,1,1,,3,1,,3,1,,1,0,0,0,2,2,0,0,0,1,0,0,0,0,0,1,0,0,0,5,327,173,,4,2,2,3,2,2,4,2,2,4,5,2
12,1,18,3,1,1,53,3,7,46,3,1,5,0,0,0,0,,,0,0,0,1,0,0,0,0,0,1,0,0,1,4,400,100,4,4,2,3,2,2,2,2,2,3,2,4,2
12,0,18,4,1,1,46,3,1,49,3,1,4,1,0,0,0,1,0,0,0,0,1,0,0,0,0,0,1,0,0,0,2,600,100,4,5,3,3,3,3,3,4,2,3,2,5,1
12,0,18,5,1,1,53,3,4,53,3,7,4,0,1,0,0,10,0,0,0,0,1,0,0,0,0,0,1,0,0,1,1,,,5,5,1,1,1,1,1,1,1,2,6,6,6
12,1,18,11,1,1,43,2,2,43,2,2,5,1,0,0,0,0,1,0,0,0,1,0,0,0,0,0,1,0,0,0,4,365,135,4,4,1,1,1,1,1,1,3,3,4,5,1
12,0,18,4,1,1,43,3,4,43,3,4,4,1,0,0,0,0,1,0,0,0,1,0,0,0,0,0,1,0,0,1,5,500,0,5,4,4,,2,2,3,1,3,3,1,5,3
12,1,18,3,1,1,49,3,7,50,3,4,5,1,0,0,0,1,0,0,0,0,1,0,0,0,0,0,1,0,0,0,3,500,0,5,2,1,1,1,1,1,1,3,2,1,1,1
12,0,18,1,1,1,48,2,5,50,3,3,4,1,0,0,0,1,0,0,0,0,1,0,0,0,0,0,1,0,0,1,4,500,0,5,5,4,3,3,3,1,2,3,3,2,5,1
12,0,18,11,1,1,42,3,2,43,3,3,4,0,1,0,0,0,0,0,0,0,1,0,0,0,0,0,1,0,0,0,5,300,200,4,4,2,2,3,3,2,3,2,2,2,5,3
12,1,18,9,1,1,42,3,2,41,2,,2,0,0,0,0,,,0,0,0,1,0,0,0,0,0,1,0,0,1,1,300,200,5,5,,,,,,,2,1,3,3,3
12,0,18,8,1,1,42,3,4,43,2,4,4,1,0,0,0,0,0,0,0,0,1,0,0,0,0,0,1,0,0,0,5,300,200,4,5,2,3,4,3,2,1,3,3,3,5,4
12,1,18,4,1,1,48,3,7,52,3,4,5,0,0,0,0,,,0,0,0,1,0,0,0,0,0,1,0,0,1,4,600,100,4,4,3,2,3,3,3,3,2,1,4,5,3
12,0,18,6,1,1,43,2,3,45,2,3,4,1,0,0,0,0,0,0,0,0,1,0,0,0,0,0,1,0,0,0,3,300,200,,5,1,1,1,1,1,2,2,3,4,5,5
12,0,18,12,1,1,43,3,4,46,3,4,5,1,0,0,0,1,1,0,0,0,1,0,0,0,0,0,1,0,0,1,4,500,0,4,4,,,,,4,2,3,3,3,5,4
12,0,18,9,1,1,51,3,5,53,3,4,4,1,0,0,0,1,0,0,0,0,1,0,0,0,0,0,1,0,0,0,5,4790,4290,5,4,4,3,4,2,2,4,3,3,3,5,3
12,0,18,4,1,1,44,2,2,44,3,4,5,1,0,0,0,1,0,0,0,0,1,0,0,0,0,0,1,0,0,1,4,500,0,4,4,3,1,1,2,3,1,2,3,4,5,3
12,1,18,10,1,1,42,3,4,50,3,4,5,1,0,0,0,0,0,0,0,0,1,0,0,0,0,0,1,0,0,0,4,,,4,5,4,2,3,4,4,2,3,2,4,5,4
12,1,18,3,1,1,47,3,7,47,,7,5,1,0,0,0,1,0,0,0,0,1,0,0,0,0,0,1,0,0,1,1,200,300,4,4,,,,,,,3,2,,,
12,1,19,8,1,1,45,3,3,48,2,3,4,1,0,0,0,1,0,0,0,0,1,0,0,0,0,0,1,0,0,0,1,,,3,5,5,3,4,4,4,5,2,,6,6,6
12,1,18,10,1,1,39,3,1,43,2,3,4,0,0,0,0,,,0,0,0,1,0,0,0,0,0,1,0,0,1,2,365,135,4,3,2,2,2,2,2,2,2,2,2,5,1
12,0,18,9,1,1,40,,4,40,2,4,4,1,0,0,0,0,0,0,0,0,1,0,0,0,0,0,1,0,0,0,4,800,300,5,5,2,3,4,5,4,5,2,2,4,5,4
12,1,18,11,1,1,44,2,3,40,2,6,3,0,1,0,0,1,0,0,0,0,1,0,0,0,0,0,1,0,0,1,2,800,300,4,3,1,5,2,1,1,1,2,1,5,2,1
12,0,18,8,1,1,40,3,4,,,,4,0,0,0,1,0,0,0,0,0,1,0,0,0,0,0,1,0,0,0,5,800,300,4,5,3,4,3,3,3,3,3,3,1,5,1
12,1,18,5,1,1,50,3,2,50,3,4,5,1,0,0,0,0,1,0,0,0,1,0,0,0,0,0,1,0,0,1,4,,,4,5,3,4,5,5,5,2,3,2,1,5,4
12,0,18,4,1,1,46,3,7,46,3,4,5,1,0,0,0,0,1,0,0,0,1,0,0,0,0,0,1,0,0,0,5,712,212,4,5,2,2,3,2,2,3,2,2,3,4,2
12,1,17,4,1,1,41,2,7,47,2,7,4,1,0,0,0,1,0,0,0,0,1,0,0,0,0,0,1,0,0,1,1,400,100,4,5,5,1,3,4,2,1,2,2,6,6,6
12,0,18,3,1,1,38,2,2,,,,4,0,0,0,1,0,1,0,0,0,1,0,0,0,0,0,1,0,0,0,1,500,0,5,5,1,4,3,3,3,4,3,3,6,6,6
12,1,18,2,1,1,61,3,7,,,,3,0,0,0,0,,,0,0,0,1,0,0,0,0,0,1,0,0,1,1,200,300,3,5,,,,,,,2,2,6,6,6
12,0,18,7,1,1,47,2,2,54,2,5,4,1,0,0,0,0,0,0,0,0,1,0,0,0,0,0,1,0,0,0,3,500,0,4,4,2,1,4,4,4,4,3,2,3,5,5
10,0,16,1,1,1,39,2,4,43,2,4,4,0,1,0,0,0,1,0,0,0,0,0,0,0,1,0,0,0,1,1,4,500,0,4,4,1,,2,2,1,3,2,1,4,4,3
10,0,16,12,1,1,44,2,5,43,2,3,3,1,0,0,0,1,0,0,0,0,0,0,0,0,1,0,0,0,1,0,2,,,4,4,2,1,1,3,3,3,2,2,4,5,4
10,1,16,7,1,1,43,,7,,,7,,0,1,0,0,1,1,0,0,0,0,0,0,0,1,0,0,0,1,1,3,500,0,3,4,3,1,1,2,1,1,3,2,3,4,3
10,0,15,6,1,1,45,2,7,48,2,7,4,0,0,0,0,,,0,0,0,0,0,0,0,1,0,0,0,1,0,5,400,100,4,4,2,,4,1,1,4,1,1,4,4,2
10,0,16,7,1,1,40,2,7,41,2,7,4,1,0,0,0,0,0,0,0,0,0,0,0,0,1,0,0,0,1,1,2,500,0,4,4,2,1,1,1,3,2,2,2,3,5,2
10,1,16,4,0,0,47,3,4,47,2,4,4,0,0,0,1,0,0,0,0,0,0,0,0,0,1,0,0,0,1,0,1,365,135,,3,3,5,1,5,5,5,3,3,5,5,5
10,0,16,1,1,1,47,1,5,51,2,7,4,1,0,0,0,1,0,0,0,0,0,0,0,0,1,0,0,0,1,1,5,500,0,3,4,1,1,1,1,1,1,3,2,3,5,1
10,0,15,6,1,1,44,3,2,44,2,7,4,1,0,0,0,1,1,0,0,0,0,0,0,0,1,0,0,0,1,0,1,400,100,4,4,2,3,4,1,1,4,3,2,4,4,2
10,1,16,9,1,1,40,2,7,44,2,7,4,1,0,0,0,1,0,0,0,0,0,0,0,0,1,0,0,0,1,1,2,500,0,,4,2,2,2,3,1,4,3,2,4,5,4
10,1,16,8,1,1,38,3,1,39,2,7,4,0,0,1,0,0,0,0,0,0,0,0,0,0,1,0,0,0,1,0,1,,,3,4,3,2,3,3,2,2,3,2,4,,
10,0,16,9,1,1,36,2,,39,2,,4,0,0,0,0,,,0,0,0,0,0,0,0,1,0,0,0,1,1,5,,,5,5,3,3,1,4,2,2,2,3,3,5,4
10,0,16,12,1,1,35,2,7,42,2,7,4,1,0,0,0,0,1,0,0,0,0,0,0,0,1,0,0,0,1,0,5,,,5,3,1,1,1,2,1,3,1,1,4,4,3
12,1,18,3,1,1,41,3,7,46,3,4,4,1,0,0,0,1,0,0,0,0,0,0,0,0,1,0,0,0,1,1,1,500,0,5,4,4,4,5,5,4,4,3,3,6,6,6
10,1,16,10,1,1,50,,1,45,3,4,4,1,0,0,0,1,0,0,0,0,0,0,0,0,1,0,0,0,1,0,1,,,2,4,3,4,2,1,2,3,2,1,4,4,4
10,0,15,8,1,1,,,,,,,,1,0,0,0,2,0,0,0,0,0,0,0,0,1,0,0,0,1,1,2,500,0,4,4,2,1,2,2,2,1,3,3,2,4,4
10,0,15,11,1,1,,,,45,2,,4,0,0,1,0,1,1,0,0,0,0,0,0,0,1,0,0,0,1,0,3,360,140,,2,3,3,4,4,4,4,2,2,2,5,2
10,0,16,11,1,1,,,,,,,4,1,0,0,0,2,0,0,0,0,0,0,0,0,1,0,0,0,1,1,1,500,0,4,4,2,1,3,3,2,2,3,2,3,5,4
9,0,15,6,1,1,32,2,4,40,2,4,4,1,0,0,0,0,1,0,0,0,0,0,0,0,1,0,0,0,1,0,1,286,214,2,3,3,4,2,3,3,3,2,3,6,6,3
9,1,15,11,1,1,31,2,3,40,2,5,4,0,0,0,0,,,0,0,0,0,0,0,0,1,0,0,0,1,1,3,500,0,3,1,2,1,3,3,3,3,2,2,4,5,2
9,0,14,1,1,1,38,2,5,41,2,7,4,1,0,0,0,1,0,0,0,0,0,0,0,0,1,0,0,0,1,0,3,600,100,3,2,3,3,4,4,3,4,2,1,3,4,1
9,0,15,9,1,0,45,3,4,45,3,4,5,1,0,0,0,0,0,0,0,0,0,0,0,0,1,0,0,0,1,1,3,500,0,,,,2,,4,2,2,3,2,3,5,3
9,0,15,10,1,1,35,3,7,40,,,4,1,0,0,0,0,1,0,0,0,0,0,0,0,1,0,0,0,1,0,2,,,4,3,,,,,,,2,2,3,4,3
9,0,15,10,1,1,35,2,5,41,,7,4,1,0,0,0,0,1,0,0,0,0,0,0,0,1,0,0,0,1,1,3,500,0,5,4,2,1,2,3,1,1,3,2,2,5,2
9,0,15,3,1,1,43,3,7,44,3,1,4,1,0,0,0,0,0,0,0,0,0,0,0,0,1,0,0,0,1,0,1,400,100,3,3,3,1,3,4,4,3,1,2,2,4,5
9,1,15,1,1,1,39,3,,45,2,,4,1,0,0,0,0,1,0,0,0,0,0,0,0,1,0,0,0,1,1,1,500,0,4,4,1,1,1,2,1,2,1,2,6,6,6
9,0,15,5,1,1,40,3,2,38,2,4,4,1,0,0,0,0,0,0,0,0,0,0,0,0,1,0,0,0,1,0,4,,,4,5,2,1,3,4,4,4,3,3,4,5,3
9,0,15,3,1,1,34,2,5,42,2,3,4,1,0,0,0,0,0,0,0,0,0,0,0,0,1,0,0,0,1,1,5,,,4,4,1,1,1,1,1,1,1,1,2,5,1
9,0,15,3,1,1,35,3,4,40,2,7,4,1,0,0,0,0,2,0,0,0,0,0,0,0,1,0,0,0,1,0,1,,,4,4,2,1,4,4,3,3,2,2,6,6,6
9,1,15,11,1,1,38,3,2,,3,7,4,1,0,0,0,0,1,0,0,0,0,0,0,0,1,0,0,0,1,1,1,,,3,4,2,2,2,3,3,2,2,2,4,4,2
12,0,18,10,1,0,43,3,2,48,3,,4,1,0,0,0,0,0,0,0,0,0,0,0,0,1,0,0,0,1,0,1,400,100,3,4,2,2,3,4,2,4,3,,1,1,1
12,1,18,11,1,1,40,2,5,43,2,3,4,1,0,0,0,0,0,0,0,0,0,0,0,0,1,0,0,0,1,1,5,730,230,4,4,2,1,2,2,1,3,2,2,2,5,3
12,0,18,7,1,1,42,2,4,45,,7,4,1,0,0,0,0,1,0,0,0,0,0,0,0,1,0,0,0,1,0,4,750,250,3,4,1,1,1,3,4,5,2,2,4,5,5
12,1,18,10,1,1,39,2,3,41,2,3,4,1,0,0,0,0,0,0,0,0,0,0,0,0,1,0,0,0,1,1,2,801,301,3,3,1,1,1,1,1,2,2,2,4,4,4
12,0,18,7,1,1,42,2,4,45,2,7,4,1,0,0,0,1,0,0,0,0,0,0,0,0,1,0,0,0,1,0,3,730,230,3,4,1,1,1,3,2,3,2,1,3,5,3
12,0,18,6,1,1,45,2,3,47,2,3,5,1,0,0,0,1,0,0,0,0,0,0,0,0,1,0,0,0,1,1,1,730,230,4,4,1,2,2,2,2,1,2,3,6,6,6
12,0,18,8,1,1,55,2,6,57,2,6,3,1,0,0,0,1,0,0,0,0,0,0,0,0,1,0,0,0,1,0,5,2000,1500,5,2,2,1,1,2,2,2,3,3,5,5,4
12,1,18,4,1,1,45,2,5,51,2,3,5,1,0,0,0,1,0,0,0,0,0,0,0,0,1,0,0,0,1,1,5,500,0,4,4,3,3,1,2,2,3,3,2,4,5,3
12,0,18,7,1,1,42,1,3,57,1,,4,0,0,1,0,1,0,0,0,0,0,0,0,0,1,0,0,0,1,0,5,1200,700,5,2,2,,,2,2,2,2,3,3,4,4
12,0,18,12,1,1,39,2,4,40,2,4,3,0,1,0,0,0,0,0,0,0,0,0,0,0,1,0,0,0,1,1,5,800,300,5,5,5,5,5,5,5,5,3,3,5,5,1
12,0,18,4,1,1,38,2,7,42,2,3,4,0,1,0,0,0,0,0,0,0,0,0,0,0,1,0,0,0,1,0,2,5000,4500,4,5,4,4,5,5,4,5,2,1,4,5,4
12,0,18,7,1,1,45,2,,48,2,,3,1,0,0,0,1,0,0,0,0,0,0,0,0,1,0,0,0,1,1,2,150,350,,3,3,1,3,3,2,3,2,3,3,5,2
12,1,18,9,1,1,43,2,3,47,3,3,2,1,0,0,0,0,0,0,0,0,0,0,0,0,1,0,0,0,1,0,3,300,200,4,5,3,2,2,4,4,5,3,3,5,5,5
12,0,17,1,1,1,,,,45,2,4,4,0,0,1,0,0,0,0,0,0,0,0,0,0,1,0,0,0,1,1,2,200,300,3,5,1,3,3,2,2,1,2,1,3,4,4
12,1,18,7,1,1,43,3,1,45,3,7,4,1,0,0,0,0,0,0,0,0,0,0,0,0,1,0,0,0,1,0,1,1100,600,4,5,3,2,1,1,1,1,3,3,6,6,6
12,0,18,6,1,1,45,3,2,47,2,7,4,0,1,0,0,0,1,0,0,0,0,0,0,0,1,0,0,0,1,1,3,1000,500,5,5,2,2,4,4,4,4,2,2,5,5,5
12,0,18,3,1,1,47,3,7,55,3,2,4,0,1,0,0,1,0,0,0,0,0,0,0,0,1,0,0,0,1,0,5,700,200,5,5,2,1,1,3,2,4,3,1,4,5,5
12,0,17,12,1,1,39,2,7,41,2,7,4,1,0,0,0,0,1,0,0,0,0,0,0,0,1,0,0,0,1,1,1,,,4,4,3,2,3,2,3,4,2,,3,4,4
12,0,18,4,1,1,38,2,5,41,2,7,5,1,0,0,0,0,1,0,0,0,0,0,0,0,1,0,0,0,1,0,5,1000,500,4,4,2,1,1,3,2,4,2,2,4,5,5
12,,18,6,1,1,44,2,7,43,2,3,5,0,0,0,0,,,0,0,0,0,0,0,0,1,0,0,0,1,1,4,,,4,5,2,1,1,1,1,1,2,2,4,5,4
12,1,18,1,1,1,44,3,7,44,2,7,2,1,0,0,0,0,2,0,0,0,0,0,0,0,1,0,0,0,1,0,3,800,300,5,5,3,3,5,4,4,5,2,2,4,4,3
12,1,17,12,1,1,49,2,3,50,2,3,2,1,0,0,0,1,0,0,0,0,0,0,0,0,1,0,0,0,1,1,2,200,300,4,5,2,1,2,2,1,2,2,3,4,5,4
12,0,18,8,1,1,43,2,2,47,2,5,3,0,1,0,0,0,0,0,0,0,0,0,0,0,1,0,0,0,1,0,4,,,1,5,2,2,2,2,2,2,2,1,3,5,3
10,1,16,8,1,1,36,2,,40,2,,4,1,0,0,0,0,1,0,0,0,0,0,0,0,1,0,0,0,1,1,2,,,,,,,,,,,2,3,,,
12,0,18,10,1,1,43,3,5,43,3,3,3,1,0,0,0,0,0,0,0,0,0,0,0,0,1,0,0,0,1,0,5,,,4,4,2,1,1,,1,1,3,1,4,5,2
10,0,16,5,1,1,39,2,7,41,2,4,5,1,0,0,0,1,0,0,0,0,0,0,0,0,1,0,0,0,1,1,1,,,1,1,,,,,,,1,1,,,
12,0,18,6,1,1,40,2,7,43,2,7,4,1,0,0,0,,,0,0,0,0,0,0,0,1,0,0,0,1,0,2,,,,,2,1,1,,1,1,3,1,4,5,2
12,0,18,2,1,1,43,2,3,44,3,7,4,1,0,0,0,0,1,0,0,0,0,1,0,0,0,0,0,1,0,1,2,,,5,3,3,4,4,4,3,4,3,3,3,5,4
12,0,18,5,0,1,40,3,7,42,2,4,5,1,0,0,0,0,0,0,0,0,0,1,0,0,0,0,0,1,0,0,3,450,50,5,5,1,1,1,1,1,1,3,3,3,5,3
12,0,18,3,1,1,38,3,3,46,2,4,4,1,0,0,0,0,0,0,0,0,0,1,0,0,0,0,0,1,0,1,5,500,0,5,3,3,3,4,4,4,4,3,3,3,5,3
12,1,18,3,1,1,47,2,3,49,2,7,4,1,0,0,0,1,0,0,0,0,0,1,0,0,0,0,0,1,0,0,4,82,418,4,5,1,2,3,2,2,2,2,3,3,5,2
12,0,18,4,1,1,44,3,7,44,2,7,4,0,1,0,0,0,0,0,0,0,0,1,0,0,0,0,0,1,0,1,5,500,0,4,4,1,1,1,1,1,1,2,3,5,5,3
12,1,18,1,1,1,44,3,7,45,3,4,4,1,0,0,0,1,0,0,0,0,0,1,0,0,0,0,0,1,0,0,4,1e+07,9999500,5,5,2,2,2,3,1,3,3,2,2,5,4
12,1,18,5,1,1,38,3,4,42,2,4,5,1,0,0,0,0,1,0,0,0,0,1,0,0,0,0,0,1,0,1,3,1000,500,5,5,3,3,3,3,3,3,2,2,4,4,3
12,0,18,7,1,1,38,3,4,40,2,3,4,1,0,0,0,0,1,0,0,0,0,1,0,0,0,0,0,1,0,0,4,600,100,5,5,3,2,4,4,3,4,3,3,3,5,2
12,1,18,10,1,1,40,3,7,49,3,7,3,0,1,0,0,0,3,0,0,0,0,1,0,0,0,0,0,1,0,1,1,1000,500,4,4,1,1,1,1,1,1,2,2,6,6,6
12,0,18,9,1,1,51,3,3,60,3,5,,1,0,0,0,,,0,0,0,0,1,0,0,0,0,0,1,0,0,1,,,3,3,1,1,1,1,1,1,2,2,6,6,6
12,1,18,,0,0,40,3,,41,2,7,5,1,0,0,0,0,1,0,0,0,0,1,0,0,0,0,0,1,0,1,1,,,1,4,2,1,1,1,2,1,2,2,3,6,4
12,0,17,1,1,1,42,3,7,44,3,7,4,1,0,0,0,1,0,0,0,0,0,1,0,0,0,0,0,1,0,0,1,,,3,2,1,1,1,1,1,1,3,3,6,6,6
9,1,15,9,1,1,40,2,7,46,2,7,4,1,0,0,0,1,0,0,0,0,0,1,0,0,0,0,0,1,0,1,3,500,0,4,3,2,2,3,3,3,3,2,2,1,5,2
9,0,15,3,1,1,40,3,2,46,3,1,4,1,0,0,0,0,1,0,0,0,0,1,0,0,0,0,0,1,0,0,3,,,2,3,2,3,2,3,3,3,2,1,2,1,2
9,0,15,9,1,1,38,3,7,,,,4,1,0,0,0,0,0,0,0,0,0,1,0,0,0,0,0,1,0,1,1,500,0,4,4,1,1,1,1,1,1,1,1,1,1,1
9,0,15,7,1,1,34,2,3,39,2,7,4,1,0,0,0,0,0,0,0,0,0,1,0,0,0,0,0,1,0,0,2,,,4,3,3,3,3,3,3,3,2,1,2,1,2
9,0,15,7,1,1,36,2,3,39,,3,4,0,0,0,0,,,0,0,0,0,1,0,0,0,0,0,1,0,1,4,600,100,5,3,1,1,2,,3,4,3,3,1,5,4
9,0,15,11,1,1,33,2,3,37,2,3,4,1,0,0,0,0,0,0,0,0,0,1,0,0,0,0,0,1,0,0,1,470,30,4,5,1,1,1,1,1,1,3,2,4,5,1
9,1,15,4,1,1,43,3,7,44,3,7,5,1,0,0,0,0,0,0,0,0,0,1,0,0,0,0,0,1,0,1,1,500,0,4,4,,,,,,,,,,,
9,0,15,8,1,1,39,3,5,46,2,2,5,1,0,0,0,0,1,0,0,0,0,1,0,0,0,0,0,1,0,0,4,400,100,4,5,1,1,1,1,1,1,2,2,4,5,1
9,0,15,3,1,1,38,3,2,39,2,7,3,0,1,0,0,0,1,0,0,0,0,1,0,0,0,0,0,1,0,1,1,800,300,5,1,1,2,2,1,1,2,3,3,6,6,4
9,1,15,4,1,1,,,7,,,3,4,1,0,0,0,1,0,0,0,0,0,1,0,0,0,0,0,1,0,0,1,500,0,3,5,1,1,1,1,1,1,2,2,6,6,6
9,0,15,11,1,1,39,3,7,40,2,7,4,1,0,0,0,0,0,0,0,0,0,1,0,0,0,0,0,1,0,1,2,800,300,5,1,1,2,2,1,2,2,3,3,4,4,4
9,1,15,3,1,1,,,7,,,7,4,1,0,0,0,1,0,0,0,0,0,1,0,0,0,0,0,1,0,0,1,400,100,5,5,1,1,1,1,1,1,2,2,6,6,6
9,0,15,8,1,1,36,2,3,38,2,3,4,0,1,0,0,0,1,0,0,0,0,1,0,0,0,0,0,1,0,1,1,,,5,5,3,3,2,4,3,3,2,2,6,6,6
9,0,15,3,1,1,40,2,3,45,2,3,4,1,0,0,0,1,0,0,0,0,0,1,0,0,0,0,0,1,0,0,2,450,50,4,4,,2,3,3,4,4,2,2,4,4,4
9,0,15,8,1,1,38,3,3,41,2,7,4,1,0,0,0,0,1,0,0,0,0,1,0,0,0,0,0,1,0,1,1,,,5,5,1,2,2,1,2,3,2,2,6,6,6
9,0,15,3,1,1,40,3,5,42,3,4,,1,0,0,0,0,1,0,0,0,0,1,0,0,0,0,0,1,0,0,4,300,200,4,5,1,1,2,1,1,2,2,2,4,5,2
9,0,15,3,1,1,35,2,2,37,2,7,4,1,0,0,0,1,0,0,0,0,0,1,0,0,0,0,0,1,0,1,3,700,200,1,1,1,,,,,,1,1,2,3,1
9,0,15,4,1,1,37,2,3,38,1,3,,1,0,0,0,0,0,0,0,0,0,1,0,0,0,0,0,1,0,0,4,700,200,4,,1,1,1,1,1,2,2,2,2,5,1
9,0,15,3,1,1,38,2,1,40,2,1,4,1,0,0,0,0,1,0,0,0,0,1,0,0,0,0,0,1,0,1,1,700,200,4,5,1,1,1,1,1,1,1,1,6,6,6
9,0,15,12,1,1,40,2,5,39,2,4,4,1,0,0,0,0,2,0,0,0,0,1,0,0,0,0,0,1,0,0,1,420,80,4,4,1,4,3,4,4,4,2,2,1,6,6
9,0,15,4,1,1,37,2,1,37,2,7,4,1,0,0,0,0,1,0,0,0,0,1,0,0,0,0,0,1,0,1,1,2000,1500,5,3,1,1,1,1,1,1,2,1,6,6,6
9,1,15,2,1,1,43,3,2,43,3,7,4,0,1,0,0,1,0,0,0,0,0,1,0,0,0,0,0,1,0,0,3,800,300,3,4,1,1,2,2,2,2,2,,5,5,2
9,,16,,0,0,,,,,,,,0,0,0,0,,,0,0,0,0,1,0,0,0,0,0,1,0,1,3,333,167,4,4,2,2,3,3,2,2,3,3,5,5,3
9,1,15,7,1,1,40,3,2,40,2,3,4,1,0,0,0,0,0,0,0,0,0,1,0,0,0,0,0,1,0,0,4,700,200,4,5,1,1,1,1,1,1,2,2,2,5,1
9,1,16,,1,1,,,,,,,,0,0,0,0,,,0,0,0,0,1,0,0,0,0,0,1,0,1,,69,431,3,3,5,,1,,3,4,2,2,,,
9,1,15,12,1,1,48,3,7,50,3,7,3,0,1,0,0,1,0,0,0,0,0,1,0,0,0,0,0,1,0,0,1,,,3,4,1,2,1,1,2,3,2,2,4,5,
9,1,15,5,1,1,35,1,,42,3,,3,1,0,0,0,0,1,0,0,0,0,1,0,0,0,0,0,1,0,1,2,420,80,4,5,3,2,2,3,2,4,3,3,2,4,2
9,1,15,4,1,1,39,3,1,39,3,7,3,1,0,0,0,0,0,0,0,0,0,1,0,0,0,0,0,1,0,0,1,9673,9173,3,4,1,1,1,1,2,1,1,2,4,5,
9,1,15,8,1,1,38,,,42,,,4,0,0,0,0,0,1,0,0,0,0,1,0,0,0,0,0,1,0,1,1,,,3,4,1,1,1,1,1,2,2,2,4,4,3
9,1,15,2,1,1,60,3,6,63,3,6,1,1,0,0,0,3,2,0,0,0,0,1,0,0,0,0,0,1,0,0,5,300,200,5,5,2,5,4,4,4,2,3,2,1,5,1
9,1,15,10,1,1,40,2,3,39,3,3,4,1,0,0,0,0,1,0,0,0,0,1,0,0,0,0,0,1,0,1,2,500,0,5,5,2,2,2,3,2,3,1,2,3,4,2
9,0,15,1,1,1,38,3,7,41,2,3,4,1,0,0,0,0,1,0,0,0,0,1,0,0,0,0,0,1,0,0,3,730,230,4,5,1,2,1,2,3,4,3,2,5,4,1
9,1,15,2,1,1,45,2,3,45,2,3,4,1,0,0,0,1,0,0,0,0,0,1,0,0,0,0,0,1,0,1,1,500,0,5,4,1,1,1,1,1,1,1,2,6,6,6
9,1,15,2,1,0,59,1,3,59,3,7,3,1,0,0,0,6,1,0,0,0,0,1,0,0,0,0,0,1,0,0,3,830,330,4,5,2,5,4,4,4,3,1,2,4,5,3
9,1,15,6,1,1,,3,2,,3,4,3,0,0,0,0,,3,0,0,0,0,1,0,0,0,0,0,1,0,1,4,500,0,4,4,4,,3,5,2,5,2,2,3,2,4
9,1,15,12,0,0,43,2,2,49,3,4,4,0,0,1,0,2,1,0,0,0,0,1,0,0,0,0,0,1,0,0,2,750,250,4,5,1,1,3,5,5,5,2,2,6,6,6
9,1,15,4,1,1,42,2,5,43,2,4,4,0,0,0,0,,,0,0,0,0,1,0,0,0,0,0,1,0,1,2,420,80,1,5,4,4,2,1,4,4,3,3,2,5,2
9,1,15,6,1,1,43,2,3,43,2,3,4,0,0,1,0,0,0,0,0,0,0,1,0,0,0,0,0,1,0,0,1,700,200,3,4,1,1,1,1,1,1,1,1,2,5,1
9,1,15,5,1,1,40,3,4,41,,1,5,1,0,0,0,0,0,0,0,0,0,1,0,0,0,0,0,1,0,1,2,365,135,4,4,2,1,3,3,2,3,1,2,3,5,4
9,1,15,7,1,1,45,,3,44,3,1,3,1,0,0,0,1,0,0,0,0,0,1,0,0,0,0,0,1,0,0,3,1000,500,3,4,3,2,4,3,4,5,2,3,4,5,6
9,1,15,4,1,1,45,2,7,42,2,7,4,0,0,0,0,,,0,0,0,0,1,0,0,0,0,0,1,0,1,3,500,0,5,5,2,2,1,2,2,2,3,2,3,4,2
9,0,15,5,1,1,39,2,7,42,3,4,5,0,1,0,0,0,1,0,0,0,0,1,0,0,0,0,0,1,0,0,5,700,200,4,4,,,,,,,2,3,,,
9,1,15,5,1,1,38,2,2,48,2,3,4,0,0,0,0,,,0,0,0,0,1,0,0,0,0,0,1,0,1,1,500,0,5,5,1,1,1,3,1,1,1,1,6,6,6
9,0,15,10,1,1,40,3,5,39,2,7,5,1,0,0,0,0,1,0,0,0,0,1,0,0,0,0,0,1,0,0,4,478,22,3,5,1,2,1,3,5,1,1,1,3,4,2
9,0,15,4,1,1,47,3,,51,3,,5,1,0,0,0,1,0,0,0,0,0,1,0,0,0,0,0,1,0,1,5,400,100,4,4,1,1,3,3,3,4,3,1,2,5,1
9,0,15,6,1,1,38,3,4,40,3,1,5,1,0,0,0,1,0,0,0,0,0,1,0,0,0,0,0,1,0,0,4,700,200,3,4,,,,,,,2,3,,,
9,1,15,2,1,1,38,3,2,40,2,4,5,1,0,0,0,0,0,0,0,0,0,1,0,0,0,0,0,1,0,1,3,500,0,4,3,3,2,4,4,3,3,2,3,4,4,3
9,1,15,11,1,1,37,3,1,42,2,7,4,1,0,0,0,1,0,0,0,0,0,1,0,0,0,0,0,1,0,0,2,670,170,3,4,,,,,,,2,2,,,
9,1,15,2,1,1,45,2,2,45,2,7,4,1,0,0,0,0,0,0,0,0,0,1,0,0,0,0,0,1,0,1,1,500,0,3,5,4,2,1,4,1,5,2,3,6,6,6
9,1,15,7,1,1,38,2,5,40,2,3,4,1,0,0,0,0,0,0,0,0,0,1,0,0,0,0,0,1,0,0,2,500,0,4,5,1,1,1,1,1,1,2,1,4,4,3
9,1,15,5,1,1,34,2,7,43,2,7,3,1,0,0,0,0,0,0,0,0,0,1,0,0,0,0,0,1,0,1,3,300,200,3,5,4,2,1,4,1,5,1,1,3,4,5
9,0,15,9,1,1,38,2,4,43,2,3,4,0,0,0,0,,,0,0,0,0,1,0,0,0,0,0,1,0,0,2,450,50,4,3,2,,,,,,2,2,,,
9,0,15,7,1,1,41,3,,42,2,3,4,1,0,0,0,0,0,0,0,0,0,1,0,0,0,0,0,1,0,1,4,500,0,,2,2,2,2,1,1,2,2,2,3,5,2
9,0,15,5,1,1,38,3,2,43,2,3,4,1,0,0,0,0,1,0,0,0,0,1,0,0,0,0,0,1,0,0,1,500,0,4,3,2,3,4,4,4,4,3,2,2,5,4
9,0,15,10,1,1,43,3,3,49,2,7,4,1,0,0,0,1,0,0,0,0,0,1,0,0,0,0,0,1,0,1,3,500,0,4,3,2,1,2,2,1,2,1,3,5,3,2
9,1,14,9,1,1,39,3,7,,,,4,0,1,0,0,1,1,0,0,0,0,1,0,0,0,0,0,1,0,0,1,500,0,1,3,2,1,2,3,,4,1,2,4,5,5
9,1,15,3,1,1,44,3,7,45,3,2,4,1,0,0,0,1,0,0,0,0,0,1,0,0,0,0,0,1,0,1,1,511,11,2,4,3,2,2,2,2,3,3,2,,,
9,1,15,12,1,1,48,3,1,62,3,5,4,1,0,0,0,1,0,0,0,0,0,1,0,0,0,0,0,1,0,0,1,4e+07,39999500,5,4,2,1,3,3,3,1,3,2,1,1,1
9,0,15,8,0,0,40,3,7,39,3,7,4,1,0,0,0,0,1,0,0,0,0,1,0,0,0,0,0,1,0,1,3,,,4,4,3,1,1,3,3,3,3,3,4,5,2
9,1,15,8,1,0,46,3,3,40,3,3,5,1,0,0,0,0,0,0,0,0,0,1,0,0,0,0,0,1,0,0,1,400,100,4,3,1,1,1,1,1,1,1,1,6,6,6
9,1,15,3,1,1,42,3,1,45,3,3,4,0,0,0,0,,,0,0,0,0,1,0,0,0,0,0,1,0,1,,,,,,,,,,,,,,,,
9,1,15,8,1,1,42,2,7,,,,4,0,1,0,0,0,1,0,0,0,0,1,0,0,0,0,0,1,0,0,2,300,200,4,4,1,3,2,4,3,4,2,3,2,5,4
9,0,15,2,1,1,41,3,2,41,2,3,4,1,0,0,0,0,1,0,0,0,0,1,0,0,0,0,0,1,0,1,5,720,220,4,4,3,,1,2,3,3,3,3,4,5,4
9,1,15,6,1,1,36,3,3,42,3,3,3,0,0,0,0,,,0,0,0,0,1,0,0,0,0,0,1,0,0,1,763,263,1,1,4,2,3,1,4,5,2,1,1,2,3
9,1,15,7,1,1,38,3,4,44,2,3,5,1,0,0,0,0,0,0,0,0,0,1,0,0,0,0,0,1,0,1,3,503,3,4,4,,,,,,,,,,,
10,1,16,7,1,1,55,2,3,56,2,4,4,1,0,0,0,1,1,0,0,0,0,0,1,0,0,0,1,0,0,0,1,300,200,3,5,3,3,3,4,2,2,3,2,4,5,4
10,0,16,6,1,1,47,3,4,53,3,4,4,1,0,0,0,1,0,0,0,0,0,0,1,0,0,0,1,0,0,1,5,600,100,3,4,3,3,3,4,4,4,3,3,3,3,3
10,1,16,1,1,1,35,2,2,35,3,1,5,1,0,0,0,0,1,0,0,0,0,0,1,0,0,0,1,0,0,0,1,700,200,4,3,3,1,1,4,1,4,2,1,6,6,6
10,0,16,10,1,1,42,2,1,43,2,4,5,0,0,1,0,0,0,0,0,0,0,0,1,0,0,0,1,0,0,1,2,,,5,5,2,3,3,3,2,4,3,3,4,5,2
10,1,16,,1,1,40,,,40,,,,0,0,0,0,,,0,0,0,0,0,1,0,0,0,1,0,0,0,,,,,,3,2,1,2,1,1,,,,,
10,1,16,1,1,1,43,2,7,43,3,7,4,1,0,0,0,1,0,0,0,0,0,0,1,0,0,0,1,0,0,1,4,360,140,4,2,1,3,4,5,5,5,3,3,4,5,2
10,1,16,8,1,1,40,1,2,42,3,7,4,1,0,0,0,0,1,0,0,0,0,0,1,0,0,0,1,0,0,0,3,400,100,4,5,2,3,2,2,2,3,3,3,6,6,6
10,0,16,3,1,1,44,3,,45,,4,5,1,0,0,0,0,0,0,0,0,0,0,1,0,0,0,1,0,0,1,3,500,0,5,5,1,2,4,3,4,2,3,2,4,5,3
10,1,16,10,1,1,50,3,7,50,3,7,5,1,0,0,0,1,0,0,0,0,0,0,1,0,0,0,1,0,0,0,4,400,100,5,5,1,1,1,1,1,1,3,1,1,5,2
10,0,16,3,1,1,45,3,7,60,3,4,4,1,0,0,0,2,0,0,0,0,0,0,1,0,0,0,1,0,0,1,1,400,100,5,5,3,3,3,1,2,4,2,2,6,6,6
10,0,16,5,1,1,38,3,7,52,3,7,4,1,0,0,0,0,1,0,0,0,0,0,1,0,0,0,1,0,0,0,1,400,100,4,2,2,1,3,3,3,3,3,2,6,6,6
10,0,16,3,1,1,42,3,1,45,3,2,5,0,1,0,0,2,0,0,0,0,0,0,1,0,0,0,1,0,0,1,2,400,100,4,3,4,4,4,3,5,5,3,2,4,5,4
10,0,16,7,1,1,48,,,56,,,3,1,0,0,0,1,0,0,0,0,0,0,1,0,0,0,1,0,0,0,3,400,100,4,2,3,2,,4,3,4,2,2,2,5,4
10,0,16,7,1,1,,3,2,,3,4,5,0,0,0,0,,,0,0,0,0,0,1,0,0,0,1,0,0,1,4,500,0,5,5,2,3,3,1,3,2,3,2,4,5,3
10,1,16,9,1,1,51,3,7,51,3,7,5,1,0,0,0,1,0,0,0,0,0,0,1,0,0,0,1,0,0,0,1,652,152,4,5,2,1,1,3,3,4,2,2,6,6,6
10,0,15,1,1,1,,3,2,,3,1,5,1,0,0,0,1,0,0,0,0,0,0,1,0,0,0,1,0,0,1,5,500,0,5,5,2,2,3,1,3,3,3,2,4,5,3
10,1,16,3,1,1,40,3,7,42,3,7,4,1,0,0,0,0,0,0,0,0,0,0,1,0,0,0,1,0,0,0,1,400,100,4,4,1,2,3,3,3,4,1,2,6,6,6
10,0,16,6,1,0,,3,7,,3,2,4,1,0,0,0,1,0,0,0,0,0,0,1,0,0,0,1,0,0,1,1,316,184,4,4,,1,3,4,2,4,3,2,3,6,6
10,1,16,8,1,1,46,3,7,57,3,7,4,0,1,0,0,2,0,0,0,0,0,0,1,0,0,0,1,0,0,0,1,19876938672,19876937728,4,4,1,1,1,1,1,1,1,1,3,4,3
10,0,16,10,1,1,46,2,3,49,3,3,3,1,0,0,0,1,0,0,0,0,0,0,1,0,0,0,1,0,0,1,3,700,200,3,5,1,2,2,2,2,1,3,3,3,5,1
10,1,16,9,1,1,,,,49,3,7,4,0,0,1,0,0,0,0,0,0,0,0,1,0,0,0,1,0,0,0,4,,,5,5,1,1,1,2,,3,2,1,3,5,2
10,0,16,6,1,1,45,3,2,48,3,1,5,1,0,0,0,1,0,0,0,0,0,0,1,0,0,0,1,0,0,1,2,500,0,5,5,1,2,1,2,3,4,2,2,2,5,3
10,1,16,8,0,1,47,2,5,46,3,3,3,0,1,0,0,0,1,0,0,0,0,0,1,0,0,0,1,0,0,0,3,300,200,3,4,2,1,3,2,2,1,2,2,4,5,1
10,0,16,9,1,1,37,3,7,41,3,7,4,1,0,0,0,0,0,0,0,0,0,0,1,0,0,0,1,0,0,1,4,524,24,5,5,2,2,2,4,3,4,3,2,3,5,2
10,0,16,7,1,1,40,3,2,41,2,4,5,0,1,0,0,0,2,0,0,0,0,0,1,0,0,0,1,0,0,0,2,800,300,4,4,3,2,2,3,3,4,2,2,5,4,3
10,0,16,3,1,1,52,3,4,63,3,2,4,0,1,0,0,3,0,0,0,0,0,0,1,0,0,0,1,0,0,1,3,730,230,4,5,2,1,1,2,1,3,2,2,4,5,4
10,1,16,7,1,1,38,2,1,52,3,4,4,0,1,0,0,0,1,0,0,0,0,0,1,0,0,0,1,0,0,0,4,401,99,2,3,1,1,2,1,1,1,1,2,3,5,1
10,1,16,5,1,1,39,3,2,43,3,4,5,1,0,0,0,0,1,0,0,0,0,0,1,0,0,0,1,0,0,1,2,850,350,4,5,3,2,3,4,4,4,3,2,3,5,4
10,0,16,11,1,1,41,3,2,43,3,2,5,1,0,0,0,0,0,0,0,0,0,0,1,0,0,0,1,0,0,0,3,666,166,4,3,3,2,3,4,5,3,2,2,3,5,1
10,1,16,7,1,1,44,2,3,46,2,3,4,1,0,0,0,1,0,0,0,0,0,0,1,0,0,0,1,0,0,1,3,500,0,3,4,2,2,4,4,4,4,2,2,4,5,3
10,0,16,6,1,1,41,3,4,36,2,1,5,1,0,0,0,0,0,0,0,0,0,0,1,0,0,0,1,0,0,0,1,1000,500,5,4,3,2,3,3,3,3,2,1,6,6,6
10,1,16,1,1,1,36,3,3,38,3,1,4,1,0,0,0,0,1,0,0,0,0,0,1,0,0,0,1,0,0,1,4,500,0,3,4,4,2,2,3,3,5,2,2,4,5,3
10,0,16,1,1,1,45,3,2,46,3,1,4,1,0,0,0,0,2,0,0,0,0,0,1,0,0,0,1,0,0,0,1,300,200,4,5,2,1,2,3,2,2,2,2,2,5,3
10,0,16,9,1,1,50,3,4,56,3,4,5,1,0,0,0,2,0,0,0,0,0,0,1,0,0,0,1,0,0,1,2,500,0,5,5,4,4,4,3,4,4,2,2,6,6,6
10,0,16,6,1,1,42,3,2,43,3,4,5,1,0,0,0,0,1,0,0,0,0,0,1,0,0,0,1,0,0,0,3,400,100,4,5,1,2,1,1,1,2,3,2,4,5,2
10,1,15,12,1,1,41,3,5,38,3,1,4,0,0,0,0,0,1,0,0,0,0,0,1,0,0,0,1,0,0,1,3,500,0,4,5,4,1,1,3,2,4,2,1,4,5,3
10,1,16,11,1,1,48,3,3,55,3,4,5,1,0,0,0,1,1,0,0,0,0,0,1,0,0,0,1,0,0,0,1,500,0,4,5,1,1,3,,2,4,3,2,4,4,3
10,0,16,9,1,1,40,2,3,40,2,4,4,1,0,0,0,0,3,0,0,0,0,0,1,0,0,0,1,0,0,1,1,500,0,4,4,2,2,2,2,2,3,2,1,6,6,6
10,1,16,4,1,1,47,3,2,50,3,6,5,1,0,0,0,1,0,0,0,0,0,0,1,0,0,0,1,0,0,0,1,1200,700,5,5,1,3,1,4,1,4,3,3,6,6,6
10,0,16,6,1,0,48,3,4,54,3,2,4,1,0,0,0,1,0,0,0,0,0,0,1,0,0,0,1,0,0,1,5,500,0,5,5,1,2,2,3,2,1,1,1,4,5,2
10,1,16,6,1,1,50,3,2,51,3,2,4,1,0,0,0,1,0,0,0,0,0,0,1,0,0,0,1,0,0,0,3,1200,700,3,5,2,1,2,1,4,3,3,2,2,4,3
10,0,16,8,1,1,,3,7,,,3,4,1,0,0,0,0,0,0,0,0,0,0,1,0,0,0,1,0,0,1,1,500,0,4,4,2,2,2,2,2,2,3,2,6,6,6
10,0,15,4,1,1,,3,,46,3,2,4,0,0,1,0,0,0,0,0,0,0,0,1,0,0,0,1,0,0,0,4,666,166,4,4,4,3,5,4,3,4,2,3,2,5,3
10,1,16,8,1,1,44,3,3,44,3,3,4,1,0,0,0,0,0,0,0,0,0,0,1,0,0,0,1,0,0,1,1,700,200,5,2,2,1,3,2,2,2,2,2,6,6,6
10,0,16,7,1,1,41,3,7,42,3,2,4,0,0,0,0,,,0,0,0,0,0,1,0,0,0,1,0,0,0,5,10000,9500,4,4,2,3,5,4,1,5,2,2,1,5,1
10,1,16,5,1,1,41,3,7,42,3,7,4,1,0,0,0,0,1,0,0,0,0,0,1,0,0,0,1,0,0,1,1,500,0,4,2,2,2,3,3,3,3,3,2,6,6,6
10,1,16,,1,1,,,,,,,,0,0,0,0,,,0,0,0,0,0,1,0,0,0,1,0,0,0,1,800,300,5,5,3,2,4,4,4,4,3,3,6,6,6
10,0,16,3,1,1,43,3,4,45,3,1,5,1,0,0,0,0,0,0,0,0,0,0,1,0,0,0,1,0,0,1,3,500,0,4,5,2,1,2,3,3,3,2,3,3,5,2
10,1,16,11,1,1,,,,,,,5,0,0,0,0,,,0,0,0,0,0,1,0,0,0,1,0,0,0,4,1000,500,4,5,5,5,5,5,5,5,3,3,4,4,4
10,0,15,2,1,1,39,3,2,41,2,4,4,0,1,0,0,0,1,0,0,0,0,0,1,0,0,0,1,0,0,1,3,500,0,5,5,2,3,4,3,4,5,3,3,4,5,3
10,1,16,1,1,1,46,2,7,46,2,4,4,0,0,0,0,,,0,0,0,0,0,1,0,0,0,1,0,0,0,1,730,230,5,5,1,1,1,1,1,1,2,1,4,5,5
10,1,16,6,1,1,44,3,5,45,3,4,5,1,0,0,0,0,1,0,0,0,0,0,1,0,0,0,1,0,0,1,2,500,0,4,4,1,1,1,1,5,5,2,2,1,4,3
10,0,16,8,1,1,36,3,2,52,3,4,,0,1,0,0,1,1,0,0,0,0,0,1,0,0,0,1,0,0,0,3,365,135,4,3,2,1,3,3,2,3,2,2,1,5,3
10,0,16,4,1,1,44,3,7,50,3,7,,0,1,0,0,0,0,0,0,0,0,0,1,0,0,0,1,0,0,1,5,1000,500,,5,5,5,5,5,5,5,1,2,,,1
10,0,16,8,1,1,38,3,2,38,3,1,,0,1,0,0,0,1,0,0,0,0,0,1,0,0,0,1,0,0,0,4,1000,500,5,5,2,,3,1,2,3,3,2,3,5,2
10,0,16,11,1,1,54,3,4,50,2,4,4,1,0,0,0,0,2,0,0,0,0,0,1,0,0,0,1,0,0,1,1,500,0,4,,3,3,4,4,3,4,3,2,6,6,6
10,1,16,7,1,1,38,3,7,39,2,7,3,1,0,0,0,0,0,0,0,0,0,0,1,0,0,0,1,0,0,0,1,250,250,3,3,1,1,1,1,1,1,2,3,4,5,5
10,0,16,4,1,1,47,3,2,50,3,7,3,0,1,0,0,1,0,0,0,0,0,0,1,0,0,0,1,0,0,1,5,500,0,4,4,3,3,1,3,3,3,2,2,3,5,5
10,1,16,1,1,1,46,3,7,46,3,2,4,1,0,0,0,1,0,0,0,0,0,0,1,0,0,0,1,0,0,0,2,,,4,5,3,4,3,3,4,5,1,2,4,5,2
10,0,16,4,1,1,41,3,2,42,3,2,4,1,0,0,0,0,1,0,0,0,0,0,1,0,0,0,1,0,0,1,2,500,0,5,4,3,3,3,3,2,3,3,3,3,5,2
10,1,16,6,1,1,45,2,2,45,3,2,5,1,0,0,0,0,1,0,0,0,0,0,1,0,0,0,1,0,0,0,4,375,125,5,5,1,2,2,2,2,2,2,2,2,5,1
10,1,16,4,1,1,,2,7,,2,7,3,1,0,0,0,1,0,0,0,0,0,0,1,0,0,0,1,0,0,1,1,900,400,4,4,3,4,4,3,3,4,3,2,6,6,6
10,0,16,9,1,1,45,3,2,46,3,2,5,1,0,0,0,0,1,0,0,0,0,0,1,0,0,0,1,0,0,0,1,370,130,5,4,1,4,5,5,2,4,2,2,4,5,3
10,0,16,1,1,1,49,3,4,51,3,4,5,1,0,0,0,1,0,0,0,0,0,0,1,0,0,0,1,0,0,1,2,500,0,5,5,4,2,5,5,5,4,3,2,2,5,2
10,1,15,5,1,0,45,2,1,44,2,5,3,0,1,0,0,0,0,0,0,0,0,0,1,0,0,0,1,0,0,0,1,1000,500,5,5,4,2,5,1,4,3,1,1,6,6,6
10,1,16,11,1,1,42,3,2,46,3,1,4,0,1,0,0,0,1,0,0,0,0,0,1,0,0,0,1,0,0,1,1,400,100,3,4,2,3,4,3,1,2,2,1,6,6,6
10,0,16,8,1,1,45,3,2,47,3,2,4,0,1,0,0,0,1,0,0,0,0,0,1,0,0,0,1,0,0,0,2,500,0,5,5,2,3,3,3,3,4,3,3,4,5,2
10,0,16,9,1,1,40,,4,43,,4,4,1,0,0,0,0,0,0,0,0,0,0,1,0,0,0,1,0,0,1,4,500,0,3,5,2,3,4,3,2,3,1,1,2,5,1
10,0,16,11,1,1,48,3,4,50,3,2,4,1,0,0,0,1,0,0,0,0,0,0,1,0,0,0,1,0,0,0,1,350,150,4,5,2,3,4,3,5,4,3,3,6,6,6
10,0,15,1,1,1,41,3,3,41,3,3,4,1,0,0,0,0,1,0,0,0,0,0,1,0,0,0,1,0,0,1,3,500,0,5,5,3,2,4,2,3,4,2,2,4,5,4
10,0,16,6,1,1,44,2,5,46,2,4,4,1,0,0,0,1,0,0,0,0,0,0,1,0,0,0,1,0,0,0,4,306,194,4,5,2,3,4,4,3,4,2,2,2,5,4
10,1,16,5,1,1,40,3,2,45,3,4,5,1,0,0,0,1,1,0,0,0,0,0,1,0,0,0,1,0,0,1,5,500,0,5,5,3,3,3,3,3,3,3,3,1,4,4
10,0,16,10,1,1,43,3,2,42,3,4,4,0,1,0,0,0,2,0,0,0,0,0,1,0,0,0,1,0,0,0,2,360,140,4,5,1,1,1,1,1,1,2,2,3,4,4
10,1,16,9,1,1,42,3,2,42,3,4,3,0,1,0,0,0,0,0,0,0,0,0,1,0,0,0,1,0,0,1,1,500,0,5,3,1,1,1,1,3,4,1,2,3,5,3
10,0,16,2,1,1,39,3,2,40,3,2,4,0,0,1,0,0,1,0,0,0,0,0,1,0,0,0,1,0,0,0,2,400,100,4,5,2,1,2,3,3,1,2,2,6,5,6
10,1,16,4,1,1,50,3,7,54,3,4,5,1,0,0,0,0,1,0,0,0,0,0,1,0,0,0,1,0,0,1,1,1000,500,4,4,2,2,2,2,2,2,1,2,6,6,6
10,1,15,1,1,1,43,3,2,49,3,2,5,1,0,0,0,0,0,0,0,0,0,0,1,0,0,0,1,0,0,0,1,500,0,5,5,3,2,1,3,3,3,3,2,6,6,6
10,1,16,4,1,1,,3,4,,,4,5,1,0,0,0,0,1,0,0,0,0,0,1,0,0,0,1,0,0,1,1,600,100,2,3,3,4,5,5,5,3,2,3,6,5,2
10,1,16,7,1,1,48,3,2,,,,3,0,1,0,0,0,0,0,0,0,0,0,1,0,0,0,1,0,0,0,1,365,135,3,5,2,2,3,2,2,2,2,2,6,6,6
10,0,16,12,1,1,,3,7,,3,7,5,0,1,0,0,1,0,0,0,0,0,0,1,0,0,0,1,0,0,1,5,,,5,,4,2,4,2,3,4,3,2,4,5,2
10,0,16,6,1,1,41,3,7,41,2,1,4,1,0,0,0,0,1,0,0,0,0,0,1,0,0,0,1,0,0,0,1,350,150,3,5,1,1,3,3,4,4,2,2,6,6,6
10,0,16,8,1,1,,3,7,,3,7,4,0,0,0,0,1,0,0,0,0,0,0,1,0,0,0,1,0,0,1,4,500,0,4,5,2,4,4,2,3,4,2,2,4,4,3
10,1,16,5,1,1,40,3,1,45,3,4,5,0,1,0,0,1,1,0,0,0,0,0,1,0,0,0,1,0,0,0,4,500,0,5,5,3,2,2,2,2,4,3,2,2,5,2
10,1,16,7,1,1,45,3,2,46,3,1,4,0,1,0,0,0,1,0,0,0,0,0,1,0,0,0,1,0,0,1,1,500,0,4,4,3,2,4,4,3,3,2,2,6,6,6
10,1,16,7,1,1,50,3,2,54,3,1,5,1,0,0,0,0,0,0,0,0,0,0,1,0,0,0,1,0,0,0,1,,,5,4,4,2,5,3,3,3,1,1,3,4,2
10,1,16,8,1,1,45,3,7,45,3,7,5,1,0,0,0,0,0,0,0,0,0,0,1,0,0,0,1,0,0,1,3,500,0,5,4,4,4,4,4,4,4,3,3,2,5,4
10,0,16,6,1,1,42,2,2,45,2,7,4,1,0,0,0,1,0,0,0,0,0,0,1,0,0,0,1,0,0,0,3,400,100,4,5,2,2,3,3,3,3,3,2,4,5,5
10,0,16,1,1,1,38,3,7,40,2,7,3,1,0,0,0,0,0,0,0,0,0,0,1,0,0,0,1,0,0,1,5,500,0,5,4,2,1,4,3,5,4,2,3,3,5,2
10,0,16,9,1,1,43,3,7,47,3,2,4,1,0,0,0,0,0,0,0,0,0,0,1,0,0,0,1,0,0,0,1,365,135,4,4,2,1,2,3,2,4,2,2,3,4,4
10,1,16,9,1,1,42,3,1,44,3,2,4,1,0,0,0,0,1,0,0,0,0,0,1,0,0,0,1,0,0,1,3,500,0,4,5,5,5,5,5,5,5,3,3,3,5,2
10,1,16,4,1,1,47,3,2,45,3,4,4,1,0,0,0,1,1,0,0,0,0,0,1,0,0,0,1,0,0,0,1,400,100,3,4,5,5,5,5,5,5,3,3,6,6,6
10,0,16,12,1,1,44,3,3,44,3,4,4,0,0,0,0,,,0,0,0,0,0,1,0,0,0,1,0,0,1,3,500,0,,3,2,3,3,4,4,5,2,2,2,5,4
10,0,16,1,1,1,40,3,7,40,3,7,4,1,0,0,0,0,0,0,0,0,0,0,1,0,0,0,1,0,0,0,1,350,150,5,3,3,1,4,3,3,3,3,3,2,5,2
10,0,16,11,1,1,43,3,7,,,,4,0,1,0,0,1,0,0,0,0,0,0,1,0,0,0,1,0,0,1,4,500,0,4,3,2,4,3,4,3,3,2,2,3,5,4
10,0,16,6,1,1,38,3,2,44,3,7,4,1,0,0,0,0,0,0,0,0,0,0,1,0,0,0,1,0,0,0,3,250,250,4,5,3,3,4,4,4,4,3,2,3,5,4
10,1,16,11,1,1,42,3,4,40,3,2,4,1,0,0,0,0,1,0,0,0,0,0,1,0,0,0,1,0,0,1,1,500,0,4,5,2,2,2,2,2,2,3,3,6,6,6
10,0,16,5,1,1,40,3,4,42,2,7,4,1,0,0,0,0,1,0,0,0,0,0,1,0,0,0,1,0,0,0,2,350,150,3,3,2,1,1,3,3,5,3,2,2,5,2
10,1,16,1,1,1,,,,,,,4,1,0,0,0,1,0,0,0,0,0,0,1,0,0,0,1,0,0,1,,500,0,4,4,3,4,3,3,3,3,3,2,2,5,3
10,0,16,8,1,1,49,3,7,51,3,7,5,1,0,0,0,1,0,0,0,0,0,0,1,0,0,0,1,0,0,0,1,,,3,4,2,3,4,2,3,4,1,2,4,4,4
10,0,16,9,1,1,44,3,7,46,3,2,5,1,0,0,0,0,1,0,0,0,0,0,1,0,0,0,1,0,0,1,2,500,0,5,3,2,2,4,2,4,3,2,2,4,5,3
10,0,16,12,1,1,40,3,2,40,3,7,3,1,0,0,0,0,1,0,0,0,0,0,1,0,0,0,1,0,0,0,1,360,140,4,4,3,1,3,3,2,2,3,2,6,6,6
10,0,16,9,1,1,43,2,7,42,2,4,4,1,0,0,0,0,1,0,0,0,0,0,1,0,0,0,1,0,0,1,1,500,0,4,2,3,2,4,3,2,3,2,2,6,6,6
10,1,16,2,1,1,48,1,3,56,1,3,4,1,0,0,0,1,0,0,0,0,0,0,1,0,0,0,1,0,0,0,5,650,150,5,4,2,2,4,1,3,2,3,1,2,4,4
10,0,16,5,1,1,,3,,,3,,,1,0,0,0,,,0,0,0,0,0,1,0,0,0,1,0,0,1,1,,,4,3,2,2,2,2,2,2,2,2,6,6,6
10,1,15,5,1,1,35,3,7,37,3,1,4,1,0,0,0,0,1,0,0,0,0,0,1,0,0,0,1,0,0,0,1,,,4,5,3,1,3,2,2,4,2,2,6,6,4
10,0,16,12,1,1,50,3,2,59,3,7,2,1,0,0,0,0,1,0,0,0,0,0,1,0,0,0,1,0,0,1,2,700,200,5,4,3,2,4,4,4,4,3,2,4,5,4
10,1,16,2,1,1,41,3,7,50,3,7,4,1,0,0,0,0,2,0,0,0,0,0,1,0,0,0,1,0,0,0,1,300,200,4,4,1,2,3,2,3,3,2,3,6,6,6
10,0,16,10,1,1,38,3,,38,2,4,5,1,0,0,0,0,1,0,0,0,0,0,1,0,0,0,1,0,0,1,2,650,150,5,4,2,3,1,3,4,4,2,2,4,5,4
10,1,16,9,1,1,41,3,7,44,3,7,5,1,0,0,0,0,0,0,0,0,0,0,1,0,0,0,1,0,0,0,1,200,300,4,5,1,3,3,3,3,2,2,1,6,6,6
10,0,16,3,1,1,43,3,4,44,3,1,5,1,0,0,0,0,1,0,0,0,0,0,1,0,0,0,1,0,0,1,3,450,50,5,3,2,1,1,2,2,2,2,2,2,4,3
10,1,16,11,1,1,44,3,2,45,3,7,4,1,0,0,0,0,0,0,0,0,0,0,1,0,0,0,1,0,0,0,1,654,154,4,4,1,2,1,1,1,1,1,2,6,6,6
10,1,16,7,0,0,55,3,,52,,4,,1,0,0,0,0,1,0,0,0,0,0,1,0,0,0,1,0,0,1,3,400,100,3,4,1,1,1,2,3,1,3,3,4,5,3
10,1,16,5,1,1,48,3,7,48,3,1,4,1,0,0,0,1,0,0,0,0,0,0,1,0,0,0,1,0,0,0,1,500,0,3,4,5,5,5,5,5,5,3,3,6,6,6
10,1,16,11,1,1,35,3,2,35,,7,5,1,0,0,0,0,1,0,0,0,0,0,1,0,0,0,1,0,0,1,1,,,5,4,3,1,3,3,2,3,3,2,1,5,1
10,1,16,11,1,1,42,3,7,41,3,2,4,1,0,0,0,1,0,0,0,0,0,0,1,0,0,0,1,0,0,0,1,400,100,3,4,2,1,3,3,1,4,2,2,6,6,6
10,1,16,12,1,1,51,3,4,53,3,4,4,1,0,0,0,1,0,0,0,0,0,0,1,0,0,0,1,0,0,1,4,500,0,4,4,3,2,1,2,1,1,3,3,4,4,4
10,0,16,9,1,1,40,2,3,43,3,1,4,0,1,0,0,0,0,0,0,0,0,0,1,0,0,0,1,0,0,0,5,750,250,5,5,2,3,1,2,1,1,3,3,3,4,2
10,1,17,12,1,1,,3,2,,,,5,0,1,0,0,0,0,0,0,0,0,0,1,0,0,0,1,0,0,1,1,500,0,5,5,3,3,4,3,4,4,3,3,6,6,6
10,0,16,10,1,1,43,3,1,46,3,1,4,1,0,0,0,0,0,0,0,0,0,0,1,0,0,0,1,0,0,0,2,920,420,4,4,2,3,2,3,2,2,3,3,3,5,5
10,0,16,11,1,1,40,3,2,40,3,2,4,1,0,0,0,0,2,0,0,0,0,0,1,0,0,0,1,0,0,1,3,500,0,5,5,3,4,4,3,4,5,3,3,4,5,3
14,0,21,5,1,1,50,3,2,54,2,7,4,1,0,0,0,,,0,0,0,0,0,0,0,0,1,1,0,0,0,1,500,0,5,4,3,3,4,3,4,4,3,3,,,
